name,price,pic
Apple iPhone 11 (A2223) 128GB 黑色 移动联通电信4G,5999.00,//img12.360buyimg.com/n7/jfs/t1/103980/26/12527/248017/5e4a6b2bEde93b893/af9f1eb0617ce599.jpg
荣耀20S 李现同款 3200万人像超级夜景 4800万超广角AI三摄 麒麟810 全网通版6GB+128GB 蝶羽蓝,1499.00,//img10.360buyimg.com/n7/jfs/t1/103237/7/12427/130369/5e4a95c7E45b3da86/d7fadd41ab329a52.jpg
荣耀20青春版 AMOLED屏幕指纹 4000mAh大电池 20W快充 4800万 ,999.00,//img13.360buyimg.com/n7/jfs/t1/102281/27/12495/183672/5e4a9965E3fef98be/f9807429803525e9.jpg
Redmi 8A 5000mAh 骁龙八核处理器 AI人脸解锁 4GB+64GB 深海蓝 游戏老人,669.00,//img10.360buyimg.com/n7/jfs/t1/93499/17/90/221850/5da6d4ebE9747a490/8b167328e1dadff8.jpg
荣耀20 李现同款 4800万超广角AI四摄 3200W美颜自拍 麒麟Kirin980全网通版8GB+128GB 幻夜黑 全面屏,2099.00,//img12.360buyimg.com/n7/jfs/t1/98413/32/12309/112653/5e4666b1E25536aa6/1d4801133582b3b8.jpg
荣耀9X 麒麟810 4000mAh续航 4800万超清夜拍 6.59英寸升降全面屏 全网通6GB+64GB 魅海蓝,1299.00,//img12.360buyimg.com/n7/jfs/t1/93317/13/12613/178657/5e4a9083Ed9c5c625/222cd155f9550b6f.jpg
Apple iPhone XS Max (A2104) 256GB 金色 移动联通电信4G,7199.00,//img12.360buyimg.com/n7/jfs/t1/100188/3/12327/337705/5e476fcaE4d414dfd/827bae920b090203.jpg
荣耀20 PRO 李现同款 4800万全焦段AI四摄 双光学防抖 麒麟980 全网通4G 8GB+128GB 蓝水翡翠 拍照,2499.00,//img13.360buyimg.com/n7/jfs/t1/92521/25/12483/125889/5e4a9f72Ee295d170/e0372cafdc1afdc1.jpg
OPPO K5 6GB+128GB 赛博金属 6400万超清四摄 VOOC闪充4.0 高通骁龙730G 4G游戏智能,1699.00,//img10.360buyimg.com/n7/jfs/t1/70128/12/11277/106624/5d8ae635Ea33fc84a/6c311712705df4e7.jpg
华为 HUAWEI Mate 20 麒麟980AI智能芯片全面屏超微距影像超大广角徕卡三摄6GB+64GB亮黑色全网通版双4G,2199.00,//img12.360buyimg.com/n7/jfs/t24667/345/1891302509/488286/31587d0d/5bbf1d7cN1c1408ac.jpg
华为 HUAWEI nova 5z 麒麟810芯片 4800万AI四摄 3200万人像超级夜景  6GB+64GB 幻夜黑 全网通双卡双待,1499.00,//img13.360buyimg.com/n7/jfs/t1/67870/7/13409/416682/5dac1770Ec347fcd5/686cd05c0ce1f8b3.jpg
华为 HUAWEI Mate 30 5G 麒麟990 4000万超感光徕卡影像双超级快充8GB+128GB亮黑色5G全网通游戏,4999.00,//img14.360buyimg.com/n7/jfs/t1/104564/16/12582/143059/5e4d1e57Ea359ee5e/048aa33e62ae72c7.jpg
Redmi Note8Pro 6400万全场景四摄 液冷游戏芯 4500mAh长续航 NFC 18W快充 红外遥控 6GB+64GB 冰翡翠 游戏智能,1199.00,//img11.360buyimg.com/n7/jfs/t1/44568/18/9705/92821/5d674461Eaeb8bdb7/f284ee100e8e46d5.jpg
小米10 双模5G  骁龙865  1亿像素8K电影相机  对称式立体声 8GB+256GB 钛银黑 拍照智能新品游戏,4299.00,//img12.360buyimg.com/n7/jfs/t1/91087/36/12227/66469/5e44f450E4a424f4e/7d23ad95ca25f0b4.jpg
Redmi Note8 4800万全场景四摄 4000mAh长续航 高通骁龙665 18W快充  4GB+64GB 梦幻蓝 游戏,899.00,//img13.360buyimg.com/n7/jfs/t1/40642/20/13344/461165/5d6748f1E4490c921/8af64bdb7bd8fd33.jpg
【超级爆款】华为 HUAWEI P30 超感光徕卡三摄麒麟980AI智能芯片全面屏屏内指纹版,3688.00,//img14.360buyimg.com/n7/jfs/t1/86520/24/12274/100500/5e493460E6810527f/1b302d34e2039e6d.jpg
荣耀Note10 全网通8G+128G幻夜黑 移动联通电信4G全面屏,1799.00,//img11.360buyimg.com/n7/jfs/t1/89069/15/12303/97421/5e4a9d5aEf90178d8/6c3d3f899f60cf24.jpg
Apple iPhone 11 Pro Max (A2220) 256GB 暗夜绿色  移动联通电信4G,10899.00,//img13.360buyimg.com/n7/jfs/t1/103037/8/12492/270385/5e4a6da3E9743ec5c/97e65593cf1ab35d.jpg
华为 HUAWEI nova 4e 3200万立体美颜AI超广角三摄珍珠屏4GB+128GB幻夜黑全网通版双4G,1199.00,//img14.360buyimg.com/n7/jfs/t1/24174/32/9592/201557/5c8080eeEa33bc44e/708865ec89b0336c.jpg
vivo iQOO Neo 855版 8GB+128GB 冰岛极光 骁龙855处理器 33W超快闪充 4500mAh大电池游戏,2198.00,//img10.360buyimg.com/n7/jfs/t1/87512/15/12514/205927/5e4b7702Eeae1a047/042fa0948152956f.jpg
vivo Z5 6GB+128GB 竹林幻夜 4800万超广角AI三摄,1598.00,//img11.360buyimg.com/n7/jfs/t1/103363/33/12402/147481/5e49f02cE299cf8ba/45179a041135e404.jpg
荣耀V30 PRO 李现同款 DXO122分 5G双模 麒麟990 5GSOC芯片 双超级快充 游戏,3599.00,//img14.360buyimg.com/n7/jfs/t1/93531/38/12431/119168/5e4a89e8Efcb26b61/6501150574abba2d.jpg
荣耀20青春版 AMOLED屏幕指纹 4000mAh大电池 20W快充 4800万 ,1199.00,//img13.360buyimg.com/n7/jfs/t1/95519/12/12650/183821/5e4a99a4E14d6ffb2/e6b33245890112fc.jpg
华为 HUAWEI Mate 30 Pro 5G 麒麟990 OLED环幕屏双4000万徕卡电影四摄8GB+128GB丹霞橙5G全网通游戏,6399.00,//img11.360buyimg.com/n7/jfs/t1/101703/28/4943/745391/5dea2a6bE8c34b949/38f8851a98bf3535.jpg
Apple iPhone XR (A2108) 128GB 黑色 移动联通电信4G,4999.00,//img10.360buyimg.com/n7/jfs/t1/3405/18/3537/69901/5b997c0aE5dc8ed9f/a2c208410ae84d1f.jpg
荣耀10青春版 幻彩渐变 2400万AI自拍 全网通版6GB+64GB 渐变蓝 移动联通电信4G全面屏,999.00,//img13.360buyimg.com/n7/jfs/t1/25803/18/15334/168068/5caee58aEf9db82c0/866518bfac170b25.jpg
realme 真我X 4800万双摄 升降摄像头 高通骁龙710 屏下指纹 全网通6GB+64GB 朋克蓝 游戏智能,1199.00,//img10.360buyimg.com/n7/jfs/t1/105402/12/12086/196068/5e4539a8E78c4986e/9730f74706948da6.jpg
华为 HUAWEI nova 5 Pro 前置3200万人像超级夜景4800万AI四摄麒麟980芯片8GB+128GB亮黑色全网通双4G,2369.00,//img14.360buyimg.com/n7/jfs/t1/94360/36/12197/120117/5e49394aE82f1fcc3/62e469682fa3350d.jpg
荣耀Play3 6.39英寸魅眼全视屏 4000mAh大电池 真4800万AI三摄 麒麟710F自研芯片 畅玩全网通6GB+64GB 极光蓝,999.00,//img11.360buyimg.com/n7/jfs/t1/103712/8/12627/120136/5e4a9c4cEd575a430/c16767f6cfb1902a.jpg
Redmi K30 5G双模 120Hz流速屏 骁龙765G 30W快充 6GB+128GB 深海微光 游戏智能,2299.00,//img12.360buyimg.com/n7/jfs/t1/89638/2/6927/148626/5df7524dEf4790181/71fe33686e6f885b.jpg
华为 HUAWEI nova 5 Pro 前置3200万人像超级夜景4800万AI四摄麒麟980芯片8GB+128GB亮黑色全网通双4G,2369.00,//img14.360buyimg.com/n7/jfs/t1/94360/36/12197/120117/5e49394aE82f1fcc3/62e469682fa3350d.jpg
荣耀Play3 6.39英寸魅眼全视屏 4000mAh大电池 真4800万AI三摄 麒麟710F自研芯片 畅玩全网通6GB+64GB 极光蓝,999.00,//img11.360buyimg.com/n7/jfs/t1/103712/8/12627/120136/5e4a9c4cEd575a430/c16767f6cfb1902a.jpg
Redmi K30 5G双模 120Hz流速屏 骁龙765G 30W快充 6GB+128GB 深海微光 游戏智能,2299.00,//img12.360buyimg.com/n7/jfs/t1/89638/2/6927/148626/5df7524dEf4790181/71fe33686e6f885b.jpg
华为 HUAWEI nova 6 SE 麒麟810芯片4800万AI四摄40W超级快充8GB+128GB 樱雪晴空 全网通双卡双待,2199.00,//img12.360buyimg.com/n7/jfs/t1/96484/3/12554/109598/5e493900E138370f1/a1647da1c3981949.jpg
荣耀V30 李现同款 5G 双模 麒麟990 突破性相机矩阵 游戏,2999.00,//img10.360buyimg.com/n7/jfs/t1/84695/16/12571/116184/5e4a8c83E80640a7d/51fa8ed8ef4b144a.jpg
华为 HUAWEI 畅享8e 青春版 2GB+32GB全面屏 金色 全网通版 移动联通电信4G,499.00,//img12.360buyimg.com/n7/jfs/t21043/186/220467895/46630/3417464c/5b0517ccN295c6fdb.jpg
Apple iPhone 11 Pro (A2217) 256GB 暗夜绿色 移动联通电信4G,9999.00,//img12.360buyimg.com/n7/jfs/t1/101408/15/12700/273395/5e4a6ca6E48cadc55/0fafc2e9dbc9fd87.jpg
华为 HUAWEI 畅享MAX 6GB+128GB 幻夜黑 全网通 珍珠屏杜比全景声大电池 移动联通电信4G,1249.00,//img11.360buyimg.com/n7/jfs/t1/56335/9/14528/130853/5db6dae8E61379dd1/e87371a56c251973.jpg
一加 OnePlus 7 Pro 2K+90Hz 流体屏 骁龙855旗舰 4800万超广角三摄 8GB+256GB 星雾蓝 全面屏拍照游戏,3899.00,//img11.360buyimg.com/n7/jfs/t1/94695/14/12259/237747/5e463c48E2fb670e4/699ee1524d7a7265.jpg
华为 HUAWEI nova 6 5G 105°前置广角双摄 超感光暗拍 麒麟990芯片8GB+128GB亮黑色全网通双卡双待,3799.00,//img12.360buyimg.com/n7/jfs/t1/110569/29/6498/103571/5e4bc149Eb659a4d7/d5c8cfe49cfb3b49.jpg
魅族 X8 准旗舰游戏拍照,869.00,//img11.360buyimg.com/n7/jfs/t1/48064/4/15466/204466/5dca247cEa47668fe/1bdc4edfc5b6fde8.jpg
OPPO A11 5000mAh大电池 AI四摄 视频防抖 4GB+128GB 湖光绿 全网通4G 全面屏拍照游戏智能,1299.00,//img11.360buyimg.com/n7/jfs/t1/80903/40/12445/197926/5d9eb7adE9db510d0/15b41d58631bb262.jpg
小米CC9 Pro 1亿像素 五摄四闪 10倍混合光学变焦 5260mAh 屏下指纹 魔法绿镜 8GB+128GB 游戏智能拍照,2799.00,//img10.360buyimg.com/n7/jfs/t1/55065/34/14866/200462/5dc10498E4b67161e/a86051994269baf5.jpg
华为 HUAWEI 畅享10 Plus 超高清全视屏前置悬浮式镜头4800万超广角AI三摄 4GB+128GB天空之境全网通双4G,1249.00,//img12.360buyimg.com/n7/jfs/t1/58474/2/9456/444287/5d6cefc2E6fbc75fd/19eeb8adcfd2db8d.jpg
vivo Z5x 6GB+128GB 极光色 极点屏,1398.00,//img11.360buyimg.com/n7/jfs/t1/97385/37/12496/149722/5e4b7882Eba565e43/6f6b66a8a8b5776b.jpg
魅族 16 X 全面屏游戏,978.00,//img10.360buyimg.com/n7/jfs/t27451/100/1417160314/232905/6c2284e9/5bc82835N4f37a40e.jpg
三星 Galaxy A90 5G（SM-A9080）全息黑 疾速5G 骁龙855 8GB+128GB 全息3D格纹设计 双卡双待,3099.00,//img14.360buyimg.com/n7/jfs/t1/49042/15/15820/99252/5dcd1eb3E59798b1b/bb63f1f9baa33e7f.jpg
一加 OnePlus 7T Pro 2K+90Hz流体屏 骁龙855Plus旗舰 4800万超广角 8GB+256GB 海月蓝 游戏,3999.00,//img10.360buyimg.com/n7/jfs/t1/106003/9/12559/244859/5e4a34e6E1b5f2969/df4948140ca6415b.jpg
Apple 苹果 iPhone 11 ,5688.00,//img11.360buyimg.com/n7/jfs/t1/86823/28/12071/102917/5e43bbb4Ef63f3304/58ce1afdd6626bc1.jpg
Apple iPhone 7 Plus (A1661) 128G 黑色 移动联通电信4G,3599.00,//img12.360buyimg.com/n7/jfs/t1/18387/1/12727/161720/5c999df4E06720614/34ac75cc458efc46.jpg
Apple iPhone 7 (A1660) 128G 黑色 移动联通电信4G,2999.00,//img12.360buyimg.com/n7/jfs/t1/24238/8/12493/163807/5c9996dfE466d616a/ab22cb8d8464e096.jpg
【至高优惠50】vivo U3x 5000mAh大电量 超广角AI三摄 4G全网通智能,799.00,//img14.360buyimg.com/n7/jfs/t1/97594/37/12543/82897/5e4c0970E657ce444/649c40ec3fcbf568.jpg
华为 HUAWEI P30 Pro 超感光徕卡四摄10倍混合变焦麒麟980芯片屏内指纹 8GB+128GB天空之境全网通版双4G,4488.00,//img14.360buyimg.com/n7/jfs/t1/95402/13/12390/95916/5e49369aE9e05e00e/72ed5193836b6beb.jpg
OPPO Reno Ace 8GB+128GB 星际蓝 65W超级闪充 90Hz电竞屏 高通骁龙855Plus 4G智能游戏,2999.00,//img13.360buyimg.com/n7/jfs/t1/62828/22/13572/175245/5db03c8aE59146667/a46b7de1843385ec.jpg
朵唯（DOOV）刘海全面屏拍照游戏,539.00,//img13.360buyimg.com/n7/jfs/t1/93572/18/12113/318825/5e42bbaaEd53040d5/1c71eb7b32e697cf.jpg
荣耀V20 游戏,2399.00,//img10.360buyimg.com/n7/jfs/t1/25173/15/12624/346766/5c99f254E4d401305/5c181ce1948cc9bc.jpg
魅族 16th Plus 全面屏游戏,1848.00,//img10.360buyimg.com/n7/jfs/t1/98433/10/1256/327914/5dbc3002E778f4e20/6db22e8c30a06471.png
vivo U3 6GB+64GB 晶石蓝 5000mAh大电池 18W双引擎闪充 骁龙675处理器 全网通4G,1049.00,//img11.360buyimg.com/n7/jfs/t1/84972/37/12530/122337/5e4b6dbbEfbb56704/68b11c7cef04ef5e.jpg
OPPO A5【到手价低至699】超视野全面屏拍照,699.00,//img12.360buyimg.com/n7/jfs/t1/17258/2/2733/190677/5c203f6dEaa2b7fb9/587979400adbc99a.jpg
华为nova5 ,1899.00,//img12.360buyimg.com/n7/jfs/t1/92718/26/12346/83767/5e46002fE09740d4d/aac9db2e5bc4d0b9.jpg
【至高优惠50】vivo U3x 5000mAh大电量 超广角AI三摄 4G全网通智能,799.00,//img14.360buyimg.com/n7/jfs/t1/97594/37/12543/82897/5e4c0970E657ce444/649c40ec3fcbf568.jpg
华为 HUAWEI P30 Pro 超感光徕卡四摄10倍混合变焦麒麟980芯片屏内指纹 8GB+128GB天空之境全网通版双4G,4488.00,//img14.360buyimg.com/n7/jfs/t1/95402/13/12390/95916/5e49369aE9e05e00e/72ed5193836b6beb.jpg
OPPO Reno Ace 8GB+128GB 星际蓝 65W超级闪充 90Hz电竞屏 高通骁龙855Plus 4G智能游戏,2999.00,//img13.360buyimg.com/n7/jfs/t1/62828/22/13572/175245/5db03c8aE59146667/a46b7de1843385ec.jpg
朵唯（DOOV）刘海全面屏拍照游戏,539.00,//img13.360buyimg.com/n7/jfs/t1/93572/18/12113/318825/5e42bbaaEd53040d5/1c71eb7b32e697cf.jpg
荣耀V20 游戏,2399.00,//img10.360buyimg.com/n7/jfs/t1/25173/15/12624/346766/5c99f254E4d401305/5c181ce1948cc9bc.jpg
魅族 16th Plus 全面屏游戏,1848.00,//img10.360buyimg.com/n7/jfs/t1/98433/10/1256/327914/5dbc3002E778f4e20/6db22e8c30a06471.png
vivo U3 6GB+64GB 晶石蓝 5000mAh大电池 18W双引擎闪充 骁龙675处理器 全网通4G,1049.00,//img11.360buyimg.com/n7/jfs/t1/84972/37/12530/122337/5e4b6dbbEfbb56704/68b11c7cef04ef5e.jpg
OPPO A5【到手价低至699】超视野全面屏拍照,699.00,//img12.360buyimg.com/n7/jfs/t1/17258/2/2733/190677/5c203f6dEaa2b7fb9/587979400adbc99a.jpg
华为nova5 ,1899.00,//img12.360buyimg.com/n7/jfs/t1/92718/26/12346/83767/5e46002fE09740d4d/aac9db2e5bc4d0b9.jpg
OPPO A5 全面屏拍照,649.00,//img13.360buyimg.com/n7/jfs/t1/50882/22/15802/92030/5dc922b1E3e4011dd/594fdd7127bc2a7a.jpg
realme 真我X2 6400万超广角四摄 高通骁龙730G 30W VOOC4.0闪充 4000mAh大电池 全网通6GB+128GB 星图蓝 游戏智能,1599.00,//img11.360buyimg.com/n7/jfs/t1/92484/16/12254/171313/5e4534fdE8c742131/0122a384275a9f2b.jpg
Redmi 7A 4000mAh超长续航 AI人脸解锁 骁龙8核  标配10W充电器 整机防泼溅 3GB+32GB 磨砂黑 游戏智能,549.00,//img12.360buyimg.com/n7/jfs/t1/83202/24/524/298511/5cebc5cdE5f4759ac/4567583f90977277.jpg
realme 真我Q 4800万超广角四摄 高通骁龙712AIE 20W VOOC闪充 4035mAh大电池 全网通6GB+64GB 幻境白 游戏智能,1298.00,//img12.360buyimg.com/n7/jfs/t1/108091/21/6017/158919/5e453129E8a033702/0577c8a1cd33fd84.jpg
华为（HUAWEI）荣耀Play3 4800万AI三摄 全网通版移动联通电信4G 双卡双待全面屏,845.00,//img14.360buyimg.com/n7/jfs/t1/64737/15/15848/139786/5dd4e2e7E3c15adfa/4542394206d3cbf3.jpg
荣耀play3华为,819.60,//img14.360buyimg.com/n7/jfs/t1/80360/12/9284/113481/5d706e9eE32d94bc8/acf8ab57b66b8a64.jpg
一加 OnePlus 7T 90Hz流体屏 骁龙855Plus旗舰 4800万超广角三摄  8GB+128GB 冰际蓝 全面屏拍照游戏,2999.00,//img12.360buyimg.com/n7/jfs/t1/83628/28/13100/219271/5da56660E1f24a601/b101d7bd7e81c766.jpg
华为 nova6se ,2189.00,//img14.360buyimg.com/n7/jfs/t1/89443/24/12632/169335/5e4ceb7aE658e777b/38e43032f8879462.jpg
朵唯 9X 智能,598.00,//img14.360buyimg.com/n7/jfs/t1/70286/4/14759/180059/5dc51d15E2d821d6d/891217f3b2638b57.jpg
华为 nova4e ,1299.00,//img12.360buyimg.com/n7/jfs/t1/18765/27/10831/82276/5c8a0e8eE44ae49a7/6ca904b9ccec0f20.jpg
vivo Z5x【到手价1198起】极点全面屏学生智能骁龙710游戏大容量强续航4G全网通,1398.00,//img10.360buyimg.com/n7/jfs/t1/91675/29/12299/404791/5e46a23eEad285ebe/a77a62976de88ffe.jpg
OPPO Reno3 元气版 双模5G 4800万超清四摄 视频双防抖 7.96mm纤薄机身  8GB+128GB 天镜白 游戏视频,2999.00,//img12.360buyimg.com/n7/jfs/t1/105372/30/10877/137850/5e242cb4Ee34961cd/200e3d9d780891cd.jpg
小米10 5G,4448.00,//img12.360buyimg.com/n7/jfs/t1/107452/24/6380/114254/5e4bd7d3Eac774a77/be52255b434e0f95.jpg
vivo iQOO Pro 12GB+128GB 竞速黑 高通骁龙855Plus,2998.00,//img12.360buyimg.com/n7/jfs/t1/109964/36/6383/131670/5e4b7301Ef78361e9/33a6bc92ec2650ba.jpg
华为（HUAWEI）荣耀Play3  全网通4G 真4800万AI三摄 超长待机智能老人老年备用,809.00,//img10.360buyimg.com/n7/jfs/t1/102692/36/6717/499323/5df60b74Eb1c2865f/df7dbc6c6b300ad7.png
【新品6+64GB】极速八核处理器指纹人脸识别 移动联通电信全网通4G老人老年学生商务智能,599.00,//img13.360buyimg.com/n7/jfs/t1/104002/15/4212/368464/5de5d93aE2c560546/8dbacca0acb70f04.png
OPPO A8 新品,1199.00,//img14.360buyimg.com/n7/jfs/t1/86140/17/11813/104973/5e3cc4b1E06fa7bf2/bf5574c07d290931.jpg
华为(HUAWEI)畅享 9S 移动4G+全网通 移动联通电信4G 全面屏智能,979.00,//img10.360buyimg.com/n7/jfs/t1/72645/37/3952/112685/5d21631eE1035f116/56612584bc171916.jpg
新款4G+64G大内存 6.1英寸水滴大屏 小辣椒9e安卓智能,599.00,//img14.360buyimg.com/n7/jfs/t1/106564/1/10560/253352/5e1b3adcE5ee53dd1/2b43558917dd4e63.jpg
【已降200】华为nova5 Pro,2389.00,//img10.360buyimg.com/n7/jfs/t1/93178/7/10863/109950/5e2252f7Ea00a62a8/a9dd61b95b080c00.jpg
vivo Z5x,1398.00,//img12.360buyimg.com/n7/jfs/t1/109634/6/6437/144956/5e4c0ce2E644ff267/280c71ef34512327.jpg
新款4G+64G大内存 6.1英寸水滴大屏 小辣椒9e安卓智能,599.00,//img14.360buyimg.com/n7/jfs/t1/106564/1/10560/253352/5e1b3adcE5ee53dd1/2b43558917dd4e63.jpg
【已降200】华为nova5 Pro,2389.00,//img10.360buyimg.com/n7/jfs/t1/93178/7/10863/109950/5e2252f7Ea00a62a8/a9dd61b95b080c00.jpg
vivo Z5x,1398.00,//img12.360buyimg.com/n7/jfs/t1/109634/6/6437/144956/5e4c0ce2E644ff267/280c71ef34512327.jpg
OPPO A8,1199.00,//img12.360buyimg.com/n7/jfs/t1/109876/37/3417/98529/5e116b53Eb629597d/b250f8c13b114f50.jpg
小米红米8A 智能老人,709.00,//img14.360buyimg.com/n7/jfs/t1/81375/21/12978/62326/5da43182E758e789e/9fc73fb11e45c895.jpg
华为nova4e ,1238.00,//img10.360buyimg.com/n7/jfs/t1/106008/30/12791/123582/5e4ceb62E3d3a47e6/ddd3de898c3e1f23.jpg
朵唯（DOOV）逆客（2G+16G）5.5英寸 移动联通双4G 老人学生女性智能,249.00,//img11.360buyimg.com/n7/jfs/t1/44343/7/9413/126383/5d2e99adE10491e5c/56cda6dfd2fc0c5a.jpg
vivo iQOO Pro 5G,3498.00,//img10.360buyimg.com/n7/jfs/t1/95139/5/12655/162757/5e4c0e48E67a973b3/2c351469f33cb5a4.jpg
华为（HUAWEI）荣耀畅玩8 移动联通电信全网通4G 老人老年学生大字体全面屏智能,548.00,//img11.360buyimg.com/n7/jfs/t1/78430/10/12946/101354/5da4023eE2867536e/32cb8b3cacef6f3d.jpg
荣耀20i ,999.00,//img13.360buyimg.com/n7/jfs/t1/95986/27/12639/126845/5e4ceb5fE71850643/89b132b8b47e8eb3.jpg
华为畅享max 7.12寸大屏 ,1179.00,//img10.360buyimg.com/n7/jfs/t1/97385/17/12163/199089/5e47a8ccE2ef0e370/2a25b53cb5bb5d5f.jpg
6G+128G大内存 指纹一体游戏全网通4G安卓智能,899.00,//img13.360buyimg.com/n7/jfs/t1/66691/11/16118/141924/5dd8f973E712d8101/5ed87cc8f83a48fa.jpg
OPPO A11,1299.00,//img11.360buyimg.com/n7/jfs/t1/99881/27/12482/553402/5e4b4bd1Ec3746103/d1b3073000f29b87.png
魅族16T 全面屏三摄拍照娱乐游戏,2499.00,//img13.360buyimg.com/n7/jfs/t1/106114/28/6384/214080/5df2f2a3Ee5943618/628912255a8418f2.jpg
华为（HUAWEI）荣耀20i 全网通版移动联通4G 超广角三摄全面屏AI智能,999.00,//img14.360buyimg.com/n7/jfs/t1/94159/40/2939/152037/5dd8eedcE4359c22f/147bfaea331ba1f4.jpg
OPPO A11x,1299.00,//img12.360buyimg.com/n7/jfs/t1/80425/34/13776/75427/5daed453E8f874a29/dbfcbac8c56de8d7.jpg
华为 HUAWEI Mate 30 麒麟990旗舰芯片4000万超感光徕卡影像屏内指纹8G+128GB亮黑色4G全网通版游戏,4299.00,//img11.360buyimg.com/n7/jfs/t1/79596/30/11549/676613/5d901c88Ec7a97d29/d189e56d89d975b6.jpg
【至高优惠100】vivo Z5x 极点全面屏 骁龙710 5000mAh电量 ,1398.00,//img13.360buyimg.com/n7/jfs/t1/110204/39/6190/103096/5e491f52E9e29cbb4/86a2f157bec5eb4f.jpg
Apple 苹果 iPhone 11 ,5688.00,//img13.360buyimg.com/n7/jfs/t1/91350/33/12531/97201/5e4ceb73Eebc87493/9e6e2a12c61fca06.jpg
华为（HUAWEI）畅享 9e 移动4G版全网通 珍珠全面屏智能老人,725.00,//img13.360buyimg.com/n7/jfs/t1/83700/31/5063/781270/5d340216E9e296e91/d53198d42dded389.png
荣耀Play3 ,809.00,//img10.360buyimg.com/n7/jfs/t1/108987/32/6478/164554/5e4ceb70Efd8e28e4/bd6d7c033774df09.jpg
华为（HUAWEI） 畅享8e 青春版全面屏 全网通版 移动联通电信4G,479.00,//img10.360buyimg.com/n7/jfs/t1/58814/26/15044/85668/5dc12eeeEd9d7e91b/4f628c26415d225c.jpg
华为Mate30 ,4999.00,//img10.360buyimg.com/n7/jfs/t1/90989/25/12716/223941/5e4ceb76Ef8365210/9fb5772a2d6716db.jpg
华为nova4e ,1229.00,//img10.360buyimg.com/n7/jfs/t1/85536/4/12247/195808/5e463390E2727e8e6/36a48ef7ffb5cdeb.jpg
华为nova4e ,1289.00,//img13.360buyimg.com/n7/jfs/t1/87529/24/12708/171363/5e4dfa3eE07b87bbb/c02e070ca927f2db.jpg
小米红米8 ,839.00,//img12.360buyimg.com/n7/jfs/t1/109489/35/5144/104986/5e315727E8a5c2988/34be5a1782ab83be.jpg
华为（HUAWEI） 华为Mate20  ,2466.00,//img14.360buyimg.com/n7/jfs/t1/86148/23/12572/207784/5e4ce8faE133ca316/ef3586b74e7390d5.jpg
华为P30 ,3678.00,//img10.360buyimg.com/n7/jfs/t1/104746/18/12706/163999/5e4ceb5eE7cd78068/fd8496d1e85f1255.jpg
OPPO Reno3 元气版 【12期免息+超值好礼】 5G双模 四摄拍照,2999.00,//img11.360buyimg.com/n7/jfs/t1/96267/24/12237/130064/5e45329dEf978d15c/76058c4b99d8729a.jpg
699！OPPO A5,699.00,//img13.360buyimg.com/n7/jfs/t1/94910/29/12456/478455/5e4747a9E03fc6e94/c6eabf6836efd189.png
华为（HUAWEI） 畅享8e 青春版全面屏 全网通版 移动联通电信4G,479.00,//img10.360buyimg.com/n7/jfs/t1/58814/26/15044/85668/5dc12eeeEd9d7e91b/4f628c26415d225c.jpg
华为Mate30 ,4999.00,//img10.360buyimg.com/n7/jfs/t1/90989/25/12716/223941/5e4ceb76Ef8365210/9fb5772a2d6716db.jpg
华为nova4e ,1229.00,//img10.360buyimg.com/n7/jfs/t1/85536/4/12247/195808/5e463390E2727e8e6/36a48ef7ffb5cdeb.jpg
华为nova4e ,1289.00,//img13.360buyimg.com/n7/jfs/t1/87529/24/12708/171363/5e4dfa3eE07b87bbb/c02e070ca927f2db.jpg
小米红米8 ,839.00,//img12.360buyimg.com/n7/jfs/t1/109489/35/5144/104986/5e315727E8a5c2988/34be5a1782ab83be.jpg
华为（HUAWEI） 华为Mate20  ,2466.00,//img14.360buyimg.com/n7/jfs/t1/86148/23/12572/207784/5e4ce8faE133ca316/ef3586b74e7390d5.jpg
华为P30 ,3678.00,//img10.360buyimg.com/n7/jfs/t1/104746/18/12706/163999/5e4ceb5eE7cd78068/fd8496d1e85f1255.jpg
OPPO Reno3 元气版 【12期免息+超值好礼】 5G双模 四摄拍照,2999.00,//img11.360buyimg.com/n7/jfs/t1/96267/24/12237/130064/5e45329dEf978d15c/76058c4b99d8729a.jpg
699！OPPO A5,699.00,//img13.360buyimg.com/n7/jfs/t1/94910/29/12456/478455/5e4747a9E03fc6e94/c6eabf6836efd189.png
华为nova5 ,1899.30,//img13.360buyimg.com/n7/jfs/t1/81071/6/4273/110483/5d28d6bbE6d654a9d/d08cbb0c6a1345d2.jpg
【春节正常发+下单立减】华为（HUAWEI） mate20pro,3599.00,//img10.360buyimg.com/n7/jfs/t1/105217/8/12836/301072/5e4df113Eb61699a1/c0e8f6df286669e3.png
酷派（Coolpad）B770移动4G,199.00,//img10.360buyimg.com/n7/jfs/t1/92807/9/4703/214102/5de89a90E1acfd6b7/4145ca755a765573.jpg
锤子(smartisan) 坚果Pro3 8GB+128GB  黑色 骁龙855PLUS 4800万四摄 全网通双卡双待 全面屏游戏,2399.00,//img14.360buyimg.com/n7/jfs/t1/92540/30/1199/142578/5dbadae0E0e17493e/63dd7b45f8e6f944.jpg
一加 OnePlus 7T/7T Pro 90Hz流体屏 骁龙855Plus旗舰 全面屏拍照游戏,3199.00,//img11.360buyimg.com/n7/jfs/t1/90524/21/11233/439802/5e2be776E7b36fabd/8e158543d144c652.jpg
小米 红米8A ,698.00,//img10.360buyimg.com/n7/jfs/t1/94790/19/7927/68724/5e005320E1eeb57cb/888b6cd8f176eb06.jpg
华为nova6se ,2189.00,//img14.360buyimg.com/n7/jfs/t1/89832/29/12614/183836/5e4cd02aEb94d59c4/78637d5a741adc3a.jpg
华为畅享9s ,969.00,//img12.360buyimg.com/n7/jfs/t1/94423/9/12066/173467/5e424d89E38c2235e/7016ce64f2ef541d.jpg
华为 HUAWEI nova 5i 后置AI四摄 极点全面屏 前置2400万高清摄像头 8GB+128GB 幻夜黑 全网通双卡双待,1899.00,//img14.360buyimg.com/n7/jfs/t1/46872/15/2995/233737/5d0b4d8eE5535bb5b/0784dff7aae31c3b.jpg
vivo iQOO Pro 5G,3498.00,//img14.360buyimg.com/n7/jfs/t1/92764/39/12083/415495/5e42ba0aE32c4473e/6923ab0586f4ee6c.jpg
OPPO K5【到手价1599起】6400万超清四摄30W VOOC充电 骁龙730G拍照游戏,1699.00,//img13.360buyimg.com/n7/jfs/t1/93014/27/11494/414097/5e342f00E66087589/b5398f993c6e5bf5.png
小米 Redmi 红米Note7Pro 4800万双摄 ,1198.00,//img14.360buyimg.com/n7/jfs/t1/94568/13/11618/661153/5e362deeEe89c8c5b/9fe5c350fb0bfe9c.png
华为Mate20（30天价保+现货速发） ,2139.00,//img13.360buyimg.com/n7/jfs/t1/110052/4/3804/136097/5e1547e7E1153089b/c72a61855a822b94.jpg
荣耀9X PRO 麒麟810液冷散热 4000mAh超强续航 4800万超广角夜拍三摄 6.59英寸全网通8GB+128GB 幻影紫,1999.00,//img12.360buyimg.com/n7/jfs/t1/88193/31/12609/149751/5e4aa254E3b11f6f2/8cf559aa14fbde1c.jpg
华为nova5i ,1689.00,//img10.360buyimg.com/n7/jfs/t1/51796/3/3090/165250/5d0da795Eab1d07e8/780a99bc93e0230b.png
华为nova5i ,1699.00,//img10.360buyimg.com/n7/jfs/t1/106015/20/12505/104663/5e4600acEe3789f33/56693722e64e6ed2.jpg
华为p30pro ,4488.00,//img11.360buyimg.com/n7/jfs/t1/90454/32/12732/159670/5e4ceb5fE42b35011/3df4c6b3cf7af92f.jpg
华为（HUAWEI）荣耀畅玩8A 移动联通电信全网通4G 全面屏智能老人老年学生,675.00,//img11.360buyimg.com/n7/jfs/t1/30652/13/3111/107112/5c720612E740dfac3/7beca5458357e7be.jpg
小米cc9e,1099.00,//img14.360buyimg.com/n7/jfs/t1/85879/23/11786/451340/5e3cd440E7305604a/2d1ec5ec79affe2a.png
华为 HUAWEI 畅享 9S 4GB+128GB 极光蓝 全网通 2400万超广角三摄珍珠屏大存储 移动联通电信4G,1099.00,//img14.360buyimg.com/n7/jfs/t1/31417/14/6937/181658/5c933bcaEde4f57df/61ed42f19b474d16.jpg
vivo iQOO Pro 5G,3498.00,//img10.360buyimg.com/n7/jfs/t1/92269/1/12514/141849/5e4bef35E1574345f/2e1e58ee4cd0cf56.jpg
小米cc9e,1099.00,//img14.360buyimg.com/n7/jfs/t1/85879/23/11786/451340/5e3cd440E7305604a/2d1ec5ec79affe2a.png
华为 HUAWEI 畅享 9S 4GB+128GB 极光蓝 全网通 2400万超广角三摄珍珠屏大存储 移动联通电信4G,1099.00,//img14.360buyimg.com/n7/jfs/t1/31417/14/6937/181658/5c933bcaEde4f57df/61ed42f19b474d16.jpg
vivo iQOO Pro 5G,3498.00,//img10.360buyimg.com/n7/jfs/t1/92269/1/12514/141849/5e4bef35E1574345f/2e1e58ee4cd0cf56.jpg
【现货速发】华为nova4e 全网通双4G 全面屏智能游戏女性,1218.00,//img11.360buyimg.com/n7/jfs/t1/44748/11/7578/111105/5d539a39E01d6efbd/03a8828d6437c993.jpg
小米9pro 5G版,4059.00,//img11.360buyimg.com/n7/jfs/t1/95486/26/11224/689760/5e2e51f2Eedaee74d/1fbaef1b1da3bccb.png
小米 红米Note8 pro 6400万四摄Redmi,1519.00,//img12.360buyimg.com/n7/jfs/t1/89574/26/12170/436385/5e44c12aE5bbf41ff/5926d4eee8ff9c9f.png
华为 (HUAWEI) nova4e 移动4G+全网通 超广角三摄珍珠全面屏 智能,1339.00,//img12.360buyimg.com/n7/jfs/t1/56616/15/4488/87896/5d22f350E5b6b33be/5333429d6cd33131.jpg
OPPO A8 ,1199.00,//img12.360buyimg.com/n7/jfs/t1/98062/40/12641/479849/5e4b4865E6700b344/66c0c76353e6d558.png
vivo X30 5G,3298.00,//img14.360buyimg.com/n7/jfs/t1/85364/27/12534/117641/5e4bebd8E7620e4d7/388ecebe5740c398.jpg
OPPO Reno2 Z,2299.00,//img13.360buyimg.com/n7/jfs/t1/97759/25/10870/353361/5e21708bEdd241305/46d2da5e6b5dd9f4.jpg
华为 HUAWEI nova 5 前置3200万人像超级夜景4800万AI四摄40W超级快充8GB+128GB绮境森林全网通双4G,2099.00,//img14.360buyimg.com/n7/jfs/t1/37152/38/12853/362081/5d0c4104E69eb0d35/29666be466bbb042.jpg
OPPO A11,1299.00,//img14.360buyimg.com/n7/jfs/t1/98071/11/12611/415902/5e4b4bc8E8667adb2/d4760bccb8e1f284.png
Apple iPhone XS (A2100)  256GB 银色 移动联通电信4G,6399.00,//img11.360buyimg.com/n7/jfs/t1/98647/1/12300/323021/5e476f48E0fcf8285/89923f4ff34ab336.jpg
vivo Z5 骁龙712 4800万超广角AI三摄 4500mAh大电池 4G全网通,1798.00,//img13.360buyimg.com/n7/jfs/t1/94883/10/12402/106306/5e4ab3deEd8ecb1da/0bc5e0939874d64e.jpg
华为（HUAWEI） 荣耀 畅玩7 全网通 移动联通电信4G 全面屏智能老人老年,425.00,//img11.360buyimg.com/n7/jfs/t1/22906/25/4703/80644/5c34734dE2a184f21/cf96399cc6ecbb81.jpg
【至高优惠50】vivo U3 5000mAh大电池 骁龙675处理器 智能,1099.00,//img14.360buyimg.com/n7/jfs/t1/88404/29/12480/86388/5e492013E9ba3c43c/7be9f312b076de57.jpg
荣耀10青春版 ,888.00,//img14.360buyimg.com/n7/jfs/t1/89093/4/12572/129380/5e4ceb56E817f840e/24e33bd295bade5b.jpg
小米Redmi 红米note8pro,1539.00,//img11.360buyimg.com/n7/jfs/t1/96641/35/8293/92754/5e030c6aE2e1e5a45/62657c48ce1ea602.jpg
OPPO Reno3 元气版 5G,2999.00,//img14.360buyimg.com/n7/jfs/t1/86685/8/12501/721148/5e47d060E4d9c7390/e724830fa1f34f51.png
华为（HUAWEI）荣耀Note10 全网通4G全面屏 NFC 6.95英寸麒麟970芯片游戏,1658.00,//img12.360buyimg.com/n7/jfs/t1/95760/4/5439/525819/5dedb8e6E11d42ef2/e5d6bed011a85dcd.png
华为nova5 ,1878.00,//img12.360buyimg.com/n7/jfs/t1/99790/24/11746/125615/5e3bbf3eE3f849af4/eb844c2d20bca571.jpg
OPPO Reno2 Z 8G+128G 深海夜光 4800万夜拍四摄 VOOC闪充 炫彩升降 全网通4G 全面屏拍照游戏智能,2299.00,//img11.360buyimg.com/n7/jfs/t1/54195/35/13741/302811/5da80134Ebccba4d2/2d6c417e3930bd02.jpg
ROG游戏,3499.00,//img14.360buyimg.com/n7/jfs/t1/105994/18/10686/165962/5e21e4c2E529fbe5c/d50ae16246c2c9cf.jpg
努比亚 红魔Mars 二代电竞游戏,1789.00,//img14.360buyimg.com/n7/jfs/t1/89799/7/8621/233897/5e080c86Ea9991838/142db32dcdfcc9a5.jpg
华为畅享Max 7.12寸大屏,1199.00,//img14.360buyimg.com/n7/jfs/t1/62197/18/14539/118447/5dc11105E82e4cbcd/8b08f36bbdcc6f50.jpg
vivo U3x 3GB+64GB 深湖蓝 5000mAh大电池 18W双引擎闪充 超广角AI三摄 骁龙665处理器 全网通4G,849.00,//img12.360buyimg.com/n7/jfs/t1/91732/28/12672/134584/5e4b7236E59d196fa/ccfeb4606042dc13.jpg
【直降600】华为nova5 ,1969.00,//img14.360buyimg.com/n7/jfs/t1/46248/15/5464/110529/5d3133d4E5a0b091f/00399c8d5d5a3c2a.jpg
Apple 苹果 iPhone 11 ,5708.00,//img12.360buyimg.com/n7/jfs/t1/108342/36/5395/164218/5e39220dE756480a0/98d5008c7d7e5ef5.jpg
新款大内存八核小辣椒P60安卓智能,699.00,//img12.360buyimg.com/n7/jfs/t1/66946/4/14666/297316/5dc1483bEb622a11f/6bdfb5228c84d8b3.jpg
vivo X30 5G 秘银 8GB+128GB 双模5G 20倍变焦 50mm专业人像镜头 全网通智慧旗舰新品,3298.00,//img13.360buyimg.com/n7/jfs/t1/103424/14/12587/125989/5e4b6a42E43d242cd/9ef0ad60d145c82a.jpg
OPPO Reno2 Z 8G+128G 深海夜光 4800万夜拍四摄 VOOC闪充 炫彩升降 全网通4G 全面屏拍照游戏智能,2299.00,//img11.360buyimg.com/n7/jfs/t1/54195/35/13741/302811/5da80134Ebccba4d2/2d6c417e3930bd02.jpg
ROG游戏,3499.00,//img14.360buyimg.com/n7/jfs/t1/105994/18/10686/165962/5e21e4c2E529fbe5c/d50ae16246c2c9cf.jpg
努比亚 红魔Mars 二代电竞游戏,1789.00,//img14.360buyimg.com/n7/jfs/t1/89799/7/8621/233897/5e080c86Ea9991838/142db32dcdfcc9a5.jpg
华为畅享Max 7.12寸大屏,1199.00,//img14.360buyimg.com/n7/jfs/t1/62197/18/14539/118447/5dc11105E82e4cbcd/8b08f36bbdcc6f50.jpg
vivo U3x 3GB+64GB 深湖蓝 5000mAh大电池 18W双引擎闪充 超广角AI三摄 骁龙665处理器 全网通4G,849.00,//img12.360buyimg.com/n7/jfs/t1/91732/28/12672/134584/5e4b7236E59d196fa/ccfeb4606042dc13.jpg
【直降600】华为nova5 ,1969.00,//img14.360buyimg.com/n7/jfs/t1/46248/15/5464/110529/5d3133d4E5a0b091f/00399c8d5d5a3c2a.jpg
Apple 苹果 iPhone 11 ,5708.00,//img12.360buyimg.com/n7/jfs/t1/108342/36/5395/164218/5e39220dE756480a0/98d5008c7d7e5ef5.jpg
新款大内存八核小辣椒P60安卓智能,699.00,//img12.360buyimg.com/n7/jfs/t1/66946/4/14666/297316/5dc1483bEb622a11f/6bdfb5228c84d8b3.jpg
vivo X30 5G 秘银 8GB+128GB 双模5G 20倍变焦 50mm专业人像镜头 全网通智慧旗舰新品,3298.00,//img13.360buyimg.com/n7/jfs/t1/103424/14/12587/125989/5e4b6a42E43d242cd/9ef0ad60d145c82a.jpg
飞利浦 PHILIPS E258S 宝石蓝 直板按键 移动/联通2G 老人,165.00,//img10.360buyimg.com/n7/jfs/t1/98575/16/10651/285632/5e1ead9dEab837e00/0b0779a1629f3a84.jpg
华为nova4e 全网通 ,1239.00,//img13.360buyimg.com/n7/jfs/t1/62095/20/16152/73345/5dddf397E6e8f2600/dade41a9da3b8e9b.jpg
誉品（YEPEN） YP958 4G全网通老年,55.00,//img14.360buyimg.com/n7/jfs/t1/93125/22/10903/164769/5e22a556E9eaf41d9/fd063e357275ff56.jpg
华为 nova 5 Pro ,2499.00,//img13.360buyimg.com/n7/jfs/t1/95461/10/12556/90068/5e4d6555E5e0281e3/2c58d9840e1bdb36.jpg
华为nova5i,1799.00,//img11.360buyimg.com/n7/jfs/t1/46403/9/2735/104554/5d0f0e5bEebff3fed/3ca18888838cafcb.jpg
诺基亚 2720 翻盖4G智能老人,749.00,//img11.360buyimg.com/n7/jfs/t1/91516/24/8140/39231/5e01b8edEfa0bbff2/86ce08f2262e7742.jpg
【12期免息】OPPO Reno3 Pro,3999.00,//img13.360buyimg.com/n7/jfs/t1/97755/4/12293/124966/5e4612e0E81e77477/47de12a3ee718902.jpg
小米CC9 ,1939.00,//img13.360buyimg.com/n7/jfs/t1/98153/31/11987/80264/5e426585E47f5aa2d/a256cd35d71bd4b3.jpg
荣耀 畅玩7 2GB+32GB 黑色 全网通4G,499.00,//img12.360buyimg.com/n7/jfs/t1/79484/29/13847/241443/5db2aa78Eec419888/69520a6d975eea6a.jpg
荣耀9x华为,1079.00,//img13.360buyimg.com/n7/jfs/t1/109086/27/3452/128946/5e118062Ef27b724f/3d8e31dd8597f868.jpg
OPPO Reno3 Pro 双模5G 视频双防抖 90HZ高感曲面屏 7.7mm轻薄机身 8GB+128GB 雾月白全网通拍照游戏视频,3999.00,//img13.360buyimg.com/n7/jfs/t1/97617/34/8534/71921/5e05d162E80435142/68bd75c150f486f4.jpg
【超级新品】朵唯(DOOV)刘海全面屏移动联通电信全网通4G人脸指纹解锁老人大屏学生价游戏智能 魅影黑 4GB+64GB,539.00,//img14.360buyimg.com/n7/jfs/t1/105479/10/10417/310304/5e183a41Eff3ad45f/3d6ba42250e3c4cf.jpg
荣耀play3,810.00,//img10.360buyimg.com/n7/jfs/t1/70964/7/9209/121111/5d6fb90cEdb8bfdb6/8c920648a9e05338.jpg
【优惠800】vivo NEX双屏版 10GB+128GB 零界全面屏 三摄拍照 4G全网通,2598.00,//img12.360buyimg.com/n7/jfs/t1/29937/30/1160/233576/5c0f9f52E0ca68398/e54c4cc223a55db1.jpg
vivo X30 6400万拍照,3298.00,//img11.360buyimg.com/n7/jfs/t1/85541/17/12509/112511/5e49654cEa563552e/9233bd5fc448ab00.jpg
OPPO A8 4GB+128GB 秘夜黑 6.5英寸水滴屏 4230mAh大电池 后置AI三摄 全网通4G 全面屏拍照游戏智能,1199.00,//img11.360buyimg.com/n7/jfs/t1/96862/37/7119/165502/5df8c34fEf13b16f8/1dab894c917b87b1.jpg
华为荣耀20i ,969.00,//img13.360buyimg.com/n7/jfs/t1/100958/7/12558/215179/5e4bab12Eea10be45/76d9aee95ed1b59e.jpg
华为 HUAWEI 畅享 10S 炫彩OLED屏幕指纹4800万超广角AI三摄4000mAh大电池6GB+64GB翡冷翠全网通双4G,1349.00,//img12.360buyimg.com/n7/jfs/t1/67455/11/13496/84263/5dad86c5E7f4f85bc/1da5d0653c928f54.jpg
华为 nova6 ,3789.00,//img14.360buyimg.com/n7/jfs/t1/86614/28/12778/169981/5e4ceb78E586f29d9/434c194e642cb479.jpg
黑鲨游戏,2499.00,//img10.360buyimg.com/n7/jfs/t1/32887/24/6418/97818/5c8f87feE6e78036a/2f934b022dea984a.jpg
华为nova5Pro ,2499.00,//img10.360buyimg.com/n7/jfs/t1/106126/15/12717/185370/5e4ceb65E3c01336a/11289ae4d10e5539.jpg
Redmi 8A 5000mAh 骁龙八核处理器 AI人脸解锁 4GB+64GB 深海蓝 游戏老人,749.00,//img10.360buyimg.com/n7/jfs/t1/93499/17/90/221850/5da6d4ebE9747a490/8b167328e1dadff8.jpg
Apple iPhone 11 (A2223) 128GB 黑色 移动联通电信4G,5999.00,//img12.360buyimg.com/n7/jfs/t1/103980/26/12527/248017/5e4a6b2bEde93b893/af9f1eb0617ce599.jpg
[12期免息]柔宇科技Royole FlexPai/柔派可折叠柔性屏,8999.00,//img13.360buyimg.com/n7/jfs/t1/43394/18/1262/92187/5cc5889fE669a2b04/f647cbec5e1eb3a7.jpg
荣耀20青春版 AMOLED屏幕指纹 4000mAh大电池 20W快充 4800万 ,999.00,//img13.360buyimg.com/n7/jfs/t1/108772/27/6583/206938/5e4fa7fdEf327de2c/2208a1b67abd4b95.jpg
荣耀20S 李现同款 3200万人像超级夜景 4800万超广角AI三摄 麒麟810 全网通版6GB+128GB 蝶羽黑,1599.00,//img12.360buyimg.com/n7/jfs/t1/44067/40/13329/218927/5d672bc1Ec5304a94/e1520fc06bb8bf12.jpg
荣耀9X 麒麟810 4000mAh续航 4800万超清夜拍 6.59英寸升降全面屏 全网通6GB+64GB 魅海蓝,1289.00,//img12.360buyimg.com/n7/jfs/t1/104340/25/12997/173594/5e50d200E5ebbd9be/ef179f1df9f6f2d6.jpg
华为nova5pro/nova5 Pro,2399.00,//img11.360buyimg.com/n7/jfs/t1/97033/13/9556/110529/5e0fe5b5E6f3c8732/dc84f8f0cd7fe938.jpg
荣耀20i 3200万AI自拍 超广角三摄 全网通版6GB+64GB 渐变红 移动联通电信4G全面屏,999.00,//img14.360buyimg.com/n7/jfs/t1/107620/13/6445/139049/5e4fa72eEaa5aef01/b2dac719f339e972.jpg
荣耀20 PRO 李现同款 4800万全焦段AI四摄  双光学防抖 麒麟980 全网通4G 8GB+128GB 冰岛幻境 拍照,2489.00,//img12.360buyimg.com/n7/jfs/t1/107128/18/6693/129219/5e4f9f80Ed88e5abb/13ba61a20d03eca7.jpg
Apple iPhone XS Max (A2104) 256GB 金色 移动联通电信4G,7199.00,//img12.360buyimg.com/n7/jfs/t1/100188/3/12327/337705/5e476fcaE4d414dfd/827bae920b090203.jpg
荣耀20 李现同款 4800万超广角AI四摄 3200W美颜自拍 麒麟Kirin980全网通版8GB+128GB 蓝水翡翠,2089.00,//img13.360buyimg.com/n7/jfs/t1/35493/30/14545/210121/5d280052E1187c175/e9ad9735fc3f0686.jpg
荣耀8X Max 骁龙660 7.12英寸90%屏占比珍珠屏 6GB+64GB 幻夜黑 移动联通电信4G全面屏,989.00,//img10.360buyimg.com/n7/jfs/t1/11613/2/8323/407568/5c6e4e58Ec0198a86/2ecf72c64880be75.jpg
vivo iQOO Neo 855版 8GB+128GB 冰岛极光 骁龙855处理器 33W超快闪充 4500mAh大电池游戏,2198.00,//img10.360buyimg.com/n7/jfs/t1/92368/21/12570/205882/5e4e4518E17225a72/c3616096a4a3e8c8.jpg
OPPO K5 6GB+128GB 赛博金属 6400万超清四摄 VOOC闪充4.0 高通骁龙730G 4G游戏智能,1699.00,//img10.360buyimg.com/n7/jfs/t1/70128/12/11277/106624/5d8ae635Ea33fc84a/6c311712705df4e7.jpg
华为 HUAWEI nova 5z 麒麟810芯片 4800万AI四摄 3200万人像超级夜景  6GB+64GB 幻夜黑 全网通双卡双待,1499.00,//img13.360buyimg.com/n7/jfs/t1/67870/7/13409/416682/5dac1770Ec347fcd5/686cd05c0ce1f8b3.jpg
华为 HUAWEI Mate 30 5G 麒麟990 4000万超感光徕卡影像双超级快充8GB+128GB亮黑色5G全网通游戏,4999.00,//img14.360buyimg.com/n7/jfs/t1/102602/7/12866/145072/5e4fd1dfE71d6a126/73a6106d04efae70.jpg
华为 HUAWEI Mate 20 麒麟980AI智能芯片全面屏超微距影像超大广角徕卡三摄6GB+128GB亮黑色全网通版双4G,2499.00,//img11.360buyimg.com/n7/jfs/t25954/134/1930444050/488286/31587d0d/5bbf1fc9N3ced3749.jpg
Apple iPhone 11 Pro Max (A2220) 256GB 暗夜绿色  移动联通电信4G,10899.00,//img13.360buyimg.com/n7/jfs/t1/103037/8/12492/270385/5e4a6da3E9743ec5c/97e65593cf1ab35d.jpg
vivo X30 6400万拍照,3298.00,//img11.360buyimg.com/n7/jfs/t1/85541/17/12509/112511/5e49654cEa563552e/9233bd5fc448ab00.jpg
荣耀V30 PRO 李现同款 DXO122分 5G双模 麒麟990 5GSOC芯片 双超级快充 游戏,3589.00,//img14.360buyimg.com/n7/jfs/t1/93937/39/12791/142448/5e4f9e21Ebb1d43a8/3daafc9e77d20f9f.jpg
【超级爆款】华为 HUAWEI P30 超感光徕卡三摄麒麟980AI智能芯片全面屏屏内指纹版,3688.00,//img14.360buyimg.com/n7/jfs/t1/89353/23/12852/100471/5e4fd3efEb275e52a/2e8f6bedf034a115.jpg
Redmi Note8Pro 6400万全场景四摄 液冷游戏芯 4500mAh长续航 NFC 18W快充 红外遥控 8GB+128GB 冰翡翠 游戏智能,1599.00,//img10.360buyimg.com/n7/jfs/t1/47602/8/9063/92821/5d67465eE55258909/1796fe0ea3d2d895.jpg
vivo Z5 6GB+128GB 竹林幻夜 4800万超广角AI三摄,1598.00,//img11.360buyimg.com/n7/jfs/t1/105684/31/12757/143002/5e4f7256E40e50df2/0c4b0e168465ae9b.jpg
荣耀Note10 全网通8G+128G幻夜黑 移动联通电信4G全面屏,1789.00,//img11.360buyimg.com/n7/jfs/t1/92856/33/12958/118381/5e4fa0d5E0d97a49e/ef03486064f0cca3.jpg
大内存八核小辣椒P60安卓智能,699.00,//img12.360buyimg.com/n7/jfs/t1/66946/4/14666/297316/5dc1483bEb622a11f/6bdfb5228c84d8b3.jpg
荣耀10青春版 幻彩渐变 2400万AI自拍 全网通版6GB+64GB 渐变蓝 移动联通电信4G全面屏,999.00,//img13.360buyimg.com/n7/jfs/t1/25803/18/15334/168068/5caee58aEf9db82c0/866518bfac170b25.jpg
Redmi Note8 4800万全场景四摄 4000mAh长续航 高通骁龙665 18W快充 小金刚品质保证 4GB+64GB 皓月白 游戏智能,999.00,//img14.360buyimg.com/n7/jfs/t1/65786/38/8555/351173/5d674913E0a3b51f6/8d2e3fadc4cfac3c.jpg
Apple iPhone XR (A2108) 128GB 黑色 移动联通电信4G,4999.00,//img10.360buyimg.com/n7/jfs/t1/3405/18/3537/69901/5b997c0aE5dc8ed9f/a2c208410ae84d1f.jpg
华为 HUAWEI Mate 30 Pro 5G 麒麟990 OLED环幕屏双4000万徕卡电影四摄8GB+256GB亮黑色5G全网通游戏,6899.00,//img14.360buyimg.com/n7/jfs/t1/90292/3/12848/137217/5e4fcdd5Ed633e2af/8edbe784390886ea.jpg
荣耀Play3 6.39英寸魅眼全视屏 4000mAh大电池 真4800万AI三摄 麒麟710F自研芯片 畅玩全网通6GB+64GB 幻夜黑,989.00,//img13.360buyimg.com/n7/jfs/t1/84935/18/12779/119732/5e4fa2c5Eb9c2d4f3/d5d206a7f17aaed4.jpg
华为 Mate30 ,4299.00,//img13.360buyimg.com/n7/jfs/t1/103200/10/12890/160626/5e4df9f5E22dfded9/3b0ae2eca72fc455.jpg
华为 HUAWEI nova 4e 3200万立体美颜AI超广角三摄珍珠屏4GB+128GB雀翎蓝全网通版双4G,1199.00,//img11.360buyimg.com/n7/jfs/t1/22082/6/9639/238787/5c808331E2088f66f/c0717c1c166c7d58.jpg
realme 真我X 4800万双摄 升降摄像头 高通骁龙710 屏下指纹 全网通6GB+64GB 朋克蓝 游戏智能,1199.00,//img10.360buyimg.com/n7/jfs/t1/105402/12/12086/196068/5e4539a8E78c4986e/9730f74706948da6.jpg
华为 HUAWEI nova 5 Pro 前置3200万人像超级夜景4800万AI四摄麒麟980芯片8GB+128GB亮黑色全网通双4G,2499.00,//img14.360buyimg.com/n7/jfs/t1/51336/1/8104/201268/5d5b5213Ec0ea1a1d/ca1e456c486d6ed7.jpg
华为 HUAWEI nova 6 SE 麒麟810芯片4800万AI四摄40W超级快充8GB+128GB 樱雪晴空 全网通双卡双待,2199.00,//img12.360buyimg.com/n7/jfs/t1/88121/36/12745/106834/5e4fd4fdEb083c4ab/8a931bfd95407c61.jpg
荣耀V30 李现同款 5G 双模 麒麟990 突破性相机矩阵 游戏,2989.00,//img10.360buyimg.com/n7/jfs/t1/90489/7/12715/138883/5e4f9cabE5c6e96bb/eadec26d3869a861.jpg
vivo iQOO Neo 855版 8GB+128GB 冰岛极光 骁龙855处理器 33W超快闪充 4500mAh大电池游戏,2198.00,//img10.360buyimg.com/n7/jfs/t1/92368/21/12570/205882/5e4e4518E17225a72/c3616096a4a3e8c8.jpg
华为 HUAWEI 畅享MAX 6GB+128GB 幻夜黑 全网通 珍珠屏杜比全景声大电池 移动联通电信4G,1249.00,//img11.360buyimg.com/n7/jfs/t1/56335/9/14528/130853/5db6dae8E61379dd1/e87371a56c251973.jpg
OPPO A5 全面屏拍照,699.00,//img13.360buyimg.com/n7/jfs/t1/50882/22/15802/92030/5dc922b1E3e4011dd/594fdd7127bc2a7a.jpg
华为 HUAWEI 畅享8e 青春版 2GB+32GB全面屏 金色 全网通版 移动联通电信4G,499.00,//img12.360buyimg.com/n7/jfs/t21043/186/220467895/46630/3417464c/5b0517ccN295c6fdb.jpg
vivo Z5x 6GB+128GB 极光色 极点屏,1398.00,//img11.360buyimg.com/n7/jfs/t1/102364/4/12686/149501/5e4e4a83E822f2103/48aa245ea30312e8.jpg
Apple iPhone 11 Pro (A2217) 256GB 暗夜绿色 移动联通电信4G,9999.00,//img12.360buyimg.com/n7/jfs/t1/101408/15/12700/273395/5e4a6ca6E48cadc55/0fafc2e9dbc9fd87.jpg
OPPO A11x,1299.00,//img14.360buyimg.com/n7/jfs/t1/80425/34/13776/75427/5daed453E8f874a29/dbfcbac8c56de8d7.jpg
一加 OnePlus 7 Pro 2K+90Hz 流体屏 骁龙855旗舰 4800万超广角三摄 8GB+256GB 星雾蓝 全面屏拍照游戏,3899.00,//img11.360buyimg.com/n7/jfs/t1/94695/14/12259/237747/5e463c48E2fb670e4/699ee1524d7a7265.jpg
华为 HUAWEI nova 6 5G 105°前置广角双摄 超感光暗拍 麒麟990芯片 8GB+128GB普罗旺斯全网通双卡双待,3799.00,//img13.360buyimg.com/n7/jfs/t1/84928/2/12858/107355/5e4fd22dEd0090d5c/31060e3eda943d4b.jpg
OPPO A11 5000mAh大电池 AI四摄 视频防抖 4GB+128GB 湖光绿 全网通4G 全面屏拍照游戏智能,1299.00,//img11.360buyimg.com/n7/jfs/t1/80903/40/12445/197926/5d9eb7adE9db510d0/15b41d58631bb262.jpg
vivo U3 6GB+64GB 晶石蓝 5000mAh大电池 18W双引擎闪充 骁龙675处理器 全网通4G,1099.00,//img11.360buyimg.com/n7/jfs/t1/110626/10/6573/130533/5e4e4b81E92eaa26e/08c44860348ba510.jpg
小米CC9 Pro 1亿像素 五摄四闪 10倍混合光学变焦 5260mAh 屏下指纹 魔法绿镜 8GB+128GB 游戏智能拍照,2599.00,//img10.360buyimg.com/n7/jfs/t1/55065/34/14866/200462/5dc10498E4b67161e/a86051994269baf5.jpg
华为 HUAWEI P30 超感光徕卡三摄麒麟980AI智能芯片全面屏屏内指纹版,3688.00,//img10.360buyimg.com/n7/jfs/t1/87033/36/12840/107096/5e4fd410E0b2a8352/9f36125e7a43e32b.jpg
华为 HUAWEI P30 Pro 超感光徕卡四摄10倍混合变焦麒麟980芯片屏内指纹 8GB+256GB极光色全网通版双4G,4988.00,//img13.360buyimg.com/n7/jfs/t1/11352/31/13456/324178/5c98c88dE9419c2ca/4be2efca1d9e2b38.jpg
Apple iPhone 7 Plus (A1661) 128G 黑色 移动联通电信4G,3599.00,//img12.360buyimg.com/n7/jfs/t1/18387/1/12727/161720/5c999df4E06720614/34ac75cc458efc46.jpg
一加 OnePlus 7T Pro 2K+90Hz流体屏 骁龙855Plus旗舰 4800万超广角 8GB+256GB 海月蓝 游戏,3969.00,//img10.360buyimg.com/n7/jfs/t1/106003/9/12559/244859/5e4a34e6E1b5f2969/df4948140ca6415b.jpg
魅族 16 X 全面屏游戏,999.00,//img10.360buyimg.com/n7/jfs/t27451/100/1417160314/232905/6c2284e9/5bc82835N4f37a40e.jpg
魅族 X8 准旗舰游戏拍照,869.00,//img11.360buyimg.com/n7/jfs/t1/48064/4/15466/204466/5dca247cEa47668fe/1bdc4edfc5b6fde8.jpg
诺基亚 NOKIA 8110 移动联通4G,499.00,//img14.360buyimg.com/n7/jfs/t21949/69/2044466680/171928/5301291c/5b45e393N344190f3.jpg
vivo U3x 5000mAh大电量 超广角AI三摄 4G全网通智能,799.00,//img14.360buyimg.com/n7/jfs/t1/88240/22/12956/100672/5e4ffd32E987960fa/af7713df56de205f.jpg
荣耀play3华为,819.60,//img14.360buyimg.com/n7/jfs/t1/80360/12/9284/113481/5d706e9eE32d94bc8/acf8ab57b66b8a64.jpg
Apple iPhone 7 (A1660) 128G 黑色 移动联通电信4G,2999.00,//img12.360buyimg.com/n7/jfs/t1/24238/8/12493/163807/5c9996dfE466d616a/ab22cb8d8464e096.jpg
realme 真我Q 4800万超广角四摄 高通骁龙712AIE 20W VOOC闪充 4035mAh大电池 全网通6GB+64GB 光钻蓝 游戏智能,1048.00,//img12.360buyimg.com/n7/jfs/t1/102445/18/12153/184789/5e453065E41447940/05e0ffe67cdd92c2.jpg
朵唯（DOOV）刘海全面屏拍照游戏,539.00,//img13.360buyimg.com/n7/jfs/t1/93572/18/12113/318825/5e42bbaaEd53040d5/1c71eb7b32e697cf.jpg
【至高,2298.00,//img10.360buyimg.com/n7/jfs/t1/102101/27/12778/126621/5e4ead90E06502631/fbba8b361f266df0.jpg
荣耀play3华为,819.60,//img14.360buyimg.com/n7/jfs/t1/80360/12/9284/113481/5d706e9eE32d94bc8/acf8ab57b66b8a64.jpg
Apple iPhone 7 (A1660) 128G 黑色 移动联通电信4G,2999.00,//img12.360buyimg.com/n7/jfs/t1/24238/8/12493/163807/5c9996dfE466d616a/ab22cb8d8464e096.jpg
realme 真我Q 4800万超广角四摄 高通骁龙712AIE 20W VOOC闪充 4035mAh大电池 全网通6GB+64GB 光钻蓝 游戏智能,1048.00,//img12.360buyimg.com/n7/jfs/t1/102445/18/12153/184789/5e453065E41447940/05e0ffe67cdd92c2.jpg
朵唯（DOOV）刘海全面屏拍照游戏,539.00,//img13.360buyimg.com/n7/jfs/t1/93572/18/12113/318825/5e42bbaaEd53040d5/1c71eb7b32e697cf.jpg
Apple 苹果 iPhone 11 ,5698.00,//img13.360buyimg.com/n7/jfs/t1/89248/20/12149/104251/5e43bbd6E06f5bba6/78ec461181c8bb62.jpg
【12期免息】OPPO Reno3 Pro,3999.00,//img11.360buyimg.com/n7/jfs/t1/107295/26/5716/122471/5e3fe6baE3a6b5c00/d9430896dd93265d.jpg
OPPO A5【到手价低至699】超视野全面屏拍照,699.00,//img12.360buyimg.com/n7/jfs/t1/17258/2/2733/190677/5c203f6dEaa2b7fb9/587979400adbc99a.jpg
Redmi 7A 4000mAh超长续航 AI人脸解锁 骁龙8核  标配10W充电器 整机防泼溅 3GB+32GB 磨砂黑 游戏智能,599.00,//img12.360buyimg.com/n7/jfs/t1/83202/24/524/298511/5cebc5cdE5f4759ac/4567583f90977277.jpg
锤子(smartisan) 坚果Pro3 8GB+256GB  白色 骁龙855PLUS 4800万四摄 UFS3.0 全网通双卡双待 全面屏游戏,2899.00,//img10.360buyimg.com/n7/jfs/t1/65204/28/14297/101555/5dba9c73E9fded3da/bc053e4776116e8d.jpg
华为nova5 ,1899.00,//img12.360buyimg.com/n7/jfs/t1/85558/2/12747/102579/5e4e4cdaE4a692705/07c1d1e640222362.jpg
OPPO Reno Ace 8GB+128GB 星际蓝 65W超级闪充 90Hz电竞屏 高通骁龙855Plus 4G智能游戏,2999.00,//img13.360buyimg.com/n7/jfs/t1/62828/22/13572/175245/5db03c8aE59146667/a46b7de1843385ec.jpg
华为畅享10Plus /10 plus ,1299.00,//img11.360buyimg.com/n7/jfs/t1/58084/4/10175/80241/5d77186bE0d05c450/df1623715e74b802.jpg
OPPO Reno3 元气版 双模5G 4800万超清四摄 视频双防抖 7.96mm纤薄机身  8GB+128GB 天镜白 游戏视频,2999.00,//img12.360buyimg.com/n7/jfs/t1/105372/30/10877/137850/5e242cb4Ee34961cd/200e3d9d780891cd.jpg
华为 nova6se ,2199.00,//img14.360buyimg.com/n7/jfs/t1/104657/17/12867/169335/5e4f4abdE4f5e9347/2936f72da1974afd.jpg
【新品6+64GB】极速八核处理器指纹人脸识别 移动联通电信全网通4G老人老年学生商务智能,599.00,//img13.360buyimg.com/n7/jfs/t1/104002/15/4212/368464/5de5d93aE2c560546/8dbacca0acb70f04.png
三星 Galaxy A90 5G（SM-A9080）全息黑 疾速5G 骁龙855 8GB+128GB 全息3D格纹设计 双卡双待,3099.00,//img14.360buyimg.com/n7/jfs/t1/49042/15/15820/99252/5dcd1eb3E59798b1b/bb63f1f9baa33e7f.jpg
朵唯 9X 智能,598.00,//img14.360buyimg.com/n7/jfs/t1/70286/4/14759/180059/5dc51d15E2d821d6d/891217f3b2638b57.jpg
华为 HUAWEI nova 6 5G 105°前置广角双摄 超感光暗拍 麒麟990芯片8GB+128GB亮黑色全网通双卡双待,3799.00,//img12.360buyimg.com/n7/jfs/t1/95739/1/12807/103685/5e4fd3cfE5a67eceb/a3302bf0ca0c4081.jpg
华为（HUAWEI）荣耀Play3 4800万AI三摄 全网通版移动联通电信4G 双卡双待全面屏,835.00,//img14.360buyimg.com/n7/jfs/t1/64737/15/15848/139786/5dd4e2e7E3c15adfa/4542394206d3cbf3.jpg
realme 真我X2 6400万超广角四摄 高通骁龙730G 30W VOOC4.0闪充 4000mAh大电池 全网通6GB+128GB 星图蓝 游戏智能,1499.00,//img11.360buyimg.com/n7/jfs/t1/92484/16/12254/171313/5e4534fdE8c742131/0122a384275a9f2b.jpg
一加 OnePlus 7T 90Hz流体屏 骁龙855Plus旗舰 4800万超广角三摄  8GB+128GB 冰际蓝 全面屏拍照游戏,2999.00,//img12.360buyimg.com/n7/jfs/t1/83628/28/13100/219271/5da56660E1f24a601/b101d7bd7e81c766.jpg
仅699！OPPO A5拍照,699.00,//img13.360buyimg.com/n7/jfs/t1/99593/31/11783/148626/5e3cd57dE182c150c/0760c7521f3ab645.jpg
vivo Z5x【到手价1198起】极点全面屏学生智能骁龙710游戏大容量闪充4G全网通,1398.00,//img10.360buyimg.com/n7/jfs/t1/91675/29/12299/404791/5e46a23eEad285ebe/a77a62976de88ffe.jpg
荣耀9X 麒麟810 4000mAh续航 4800万超清夜拍 6.59英寸升降全面屏 全网通6GB+64GB 魅海蓝,1289.00,//img12.360buyimg.com/n7/jfs/t1/104340/25/12997/173594/5e50d200E5ebbd9be/ef179f1df9f6f2d6.jpg
魅族 16th Plus 全面屏游戏,1848.00,//img10.360buyimg.com/n7/jfs/t1/98433/10/1256/327914/5dbc3002E778f4e20/6db22e8c30a06471.png
OPPO Reno2 Z 8G+128G 深海夜光 4800万夜拍四摄 VOOC闪充 炫彩升降 全网通4G 全面屏拍照游戏智能,2299.00,//img11.360buyimg.com/n7/jfs/t1/54195/35/13741/302811/5da80134Ebccba4d2/2d6c417e3930bd02.jpg
vivo U3x【2.22到手价799起】骁龙学生强劲续航游戏美颜拍照,949.00,//img10.360buyimg.com/n7/jfs/t1/94616/7/12632/335581/5e4bcfb0E84cf7062/f0b758dd6718eaf9.jpg
华为（HUAWEI）荣耀Play3  全网通4G 真4800万AI三摄 超长待机智能老人老年备用,809.00,//img13.360buyimg.com/n7/jfs/t1/88757/13/6848/744243/5df60b85E4a02589c/d94a549c866c1ce1.png
华为nova4e ,1258.00,//img10.360buyimg.com/n7/jfs/t1/103789/13/12766/123582/5e4f4a99E59f44d69/90755ecd01fce79d.jpg
华为 HUAWEI nova 6 5G 105°前置广角双摄 超感光暗拍 麒麟990芯片8GB+128GB亮黑色全网通双卡双待,3799.00,//img12.360buyimg.com/n7/jfs/t1/95739/1/12807/103685/5e4fd3cfE5a67eceb/a3302bf0ca0c4081.jpg
【12期免息+碎屏险一年】OPPO Reno3 元气版,2999.00,//img12.360buyimg.com/n7/jfs/t1/85676/6/12441/108333/5e48e432Ea7b68e58/3c9f2bff0cf3bac9.jpg
小米红米8A 智能老人,708.00,//img14.360buyimg.com/n7/jfs/t1/81375/21/12978/62326/5da43182E758e789e/9fc73fb11e45c895.jpg
OPPO A8,1199.00,//img12.360buyimg.com/n7/jfs/t1/86239/17/13070/107453/5e4faf67Ebf7dca8c/a0136bb83b4dad99.jpg
荣耀9x华为,1079.00,//img13.360buyimg.com/n7/jfs/t1/109086/27/3452/128946/5e118062Ef27b724f/3d8e31dd8597f868.jpg
华为(HUAWEI)畅享 9S 移动4G+全网通 移动联通电信4G 全面屏智能,979.00,//img10.360buyimg.com/n7/jfs/t1/72645/37/3952/112685/5d21631eE1035f116/56612584bc171916.jpg
华为 HUAWEI nova 5z 麒麟810芯片 4800万AI四摄 3200万人像超级夜景  6GB+64GB 幻夜黑 全网通双卡双待,1499.00,//img13.360buyimg.com/n7/jfs/t1/67870/7/13409/416682/5dac1770Ec347fcd5/686cd05c0ce1f8b3.jpg
华为畅享max 7.12寸大屏 ,1169.00,//img10.360buyimg.com/n7/jfs/t1/97385/17/12163/199089/5e47a8ccE2ef0e370/2a25b53cb5bb5d5f.jpg
魅族16T 全面屏三摄拍照娱乐游戏,2499.00,//img13.360buyimg.com/n7/jfs/t1/106114/28/6384/214080/5df2f2a3Ee5943618/628912255a8418f2.jpg
vivo iQOO Pro 12GB+128GB 竞速黑 高通骁龙855Plus,2998.00,//img12.360buyimg.com/n7/jfs/t1/101313/40/12791/127993/5e4e4e9bEdc20e51e/7bcedddaa459659d.jpg
朵唯（DOOV）逆客（2G+16G）5.5英寸 移动联通双4G 老人学生女性智能,249.00,//img11.360buyimg.com/n7/jfs/t1/44343/7/9413/126383/5d2e99adE10491e5c/56cda6dfd2fc0c5a.jpg
vivo iQOO Pro 5G,3498.00,//img10.360buyimg.com/n7/jfs/t1/95139/5/12655/162757/5e4c0e48E67a973b3/2c351469f33cb5a4.jpg
荣耀9X 麒麟810 4000mAh续航 4800万超清夜拍 6.59英寸升降全面屏 全网通6GB+64GB 魅海蓝,1289.00,//img12.360buyimg.com/n7/jfs/t1/104340/25/12997/173594/5e50d200E5ebbd9be/ef179f1df9f6f2d6.jpg
荣耀20i ,999.00,//img13.360buyimg.com/n7/jfs/t1/101276/10/12770/126845/5e4f4a9aE8b54967e/1c2c22a8cce9ee90.jpg
【新品抢购】Redmi 8 5000mAh大电量 大字体大音量大内存 3D四曲面机身 AI双摄 骁龙八核处理器 AI人脸解锁 4GB+64GB 碳岩灰 游戏智能,799.00,//img10.360buyimg.com/n7/jfs/t1/101113/31/17/194745/5da5ad50E651fb134/4b78e213e778b73c.jpg
新款4G+64G大内存 6.1英寸水滴大屏 小辣椒9e安卓智能,599.00,//img14.360buyimg.com/n7/jfs/t1/106564/1/10560/253352/5e1b3adcE5ee53dd1/2b43558917dd4e63.jpg
6G+128G大内存 指纹一体游戏全网通4G安卓智能,699.00,//img12.360buyimg.com/n7/jfs/t1/66691/11/16118/141924/5dd8f973E712d8101/5ed87cc8f83a48fa.jpg
华为（HUAWEI）荣耀20i 全网通版移动联通4G 超广角三摄全面屏AI智能,999.00,//img14.360buyimg.com/n7/jfs/t1/94159/40/2939/152037/5dd8eedcE4359c22f/147bfaea331ba1f4.jpg
三星 Galaxy Note10+ 5G,7998.00,//img14.360buyimg.com/n7/jfs/t1/85701/3/3164/116271/5ddcffaeEd7924f35/013d69c48b507982.jpg
OPPO A8 新品,1199.00,//img14.360buyimg.com/n7/jfs/t1/86140/17/11813/104973/5e3cc4b1E06fa7bf2/bf5574c07d290931.jpg
OPPO A11x,1299.00,//img14.360buyimg.com/n7/jfs/t1/80425/34/13776/75427/5daed453E8f874a29/dbfcbac8c56de8d7.jpg
【至高优惠100】vivo iQOO Neo 855竞速版骁龙855Plus 电竞游戏智能,2298.00,//img12.360buyimg.com/n7/jfs/t1/101291/9/12542/122248/5e4ead99Ec2077549/9f5c72ac8cedb07d.jpg
OPPO K5【到手价1699起】6400万超清四摄30W VOOC充电 骁龙730G拍照游戏,1699.00,//img13.360buyimg.com/n7/jfs/t1/109915/31/5356/413362/5e3842ddE8fa14355/ce98c542072d2b8e.png
OPPO A11,1299.00,//img11.360buyimg.com/n7/jfs/t1/99881/27/12482/553402/5e4b4bd1Ec3746103/d1b3073000f29b87.png
酷派游戏,439.00,//img12.360buyimg.com/n7/jfs/t1/103684/23/12755/161506/5e4e1dd6Ef6c87dbc/a81ed1c647352c7c.jpg
vivo X30 6400万拍照,3298.00,//img11.360buyimg.com/n7/jfs/t1/85541/17/12509/112511/5e49654cEa563552e/9233bd5fc448ab00.jpg
华为nova4e 全网通 ,1309.00,//img13.360buyimg.com/n7/jfs/t1/62095/20/16152/73345/5dddf397E6e8f2600/dade41a9da3b8e9b.jpg
华为nova4e ,1299.00,//img13.360buyimg.com/n7/jfs/t1/52110/25/4775/142152/5d26db4bEaf333eb1/d4b529ae875ef05e.jpg
华为 HUAWEI Mate 30 麒麟990旗舰芯片4000万超感光徕卡影像屏内指纹8G+128GB亮黑色4G全网通版游戏,4299.00,//img11.360buyimg.com/n7/jfs/t1/79596/30/11549/676613/5d901c88Ec7a97d29/d189e56d89d975b6.jpg
华为 HUAWEI 畅享 9S 4GB+128GB 极光蓝 全网通 2400万超广角三摄珍珠屏大存储 移动联通电信4G,1099.00,//img14.360buyimg.com/n7/jfs/t1/31417/14/6937/181658/5c933bcaEde4f57df/61ed42f19b474d16.jpg
OPPO Reno3 Pro 双模5G 视频双防抖 90HZ高感曲面屏 7.7mm轻薄机身 8GB+128GB 日出印象 拍照游戏视频,3999.00,//img13.360buyimg.com/n7/jfs/t1/102849/19/8664/105728/5e05d0e3E7ec234a9/30f4e274e2596cfe.jpg
华为nova4e ,1299.00,//img13.360buyimg.com/n7/jfs/t1/52110/25/4775/142152/5d26db4bEaf333eb1/d4b529ae875ef05e.jpg
华为 HUAWEI Mate 30 麒麟990旗舰芯片4000万超感光徕卡影像屏内指纹8G+128GB亮黑色4G全网通版游戏,4299.00,//img11.360buyimg.com/n7/jfs/t1/79596/30/11549/676613/5d901c88Ec7a97d29/d189e56d89d975b6.jpg
华为 HUAWEI 畅享 9S 4GB+128GB 极光蓝 全网通 2400万超广角三摄珍珠屏大存储 移动联通电信4G,1099.00,//img14.360buyimg.com/n7/jfs/t1/31417/14/6937/181658/5c933bcaEde4f57df/61ed42f19b474d16.jpg
华为nova5 ,1888.00,//img12.360buyimg.com/n7/jfs/t1/99790/24/11746/125615/5e3bbf3eE3f849af4/eb844c2d20bca571.jpg
华为Mate30 ,4999.00,//img10.360buyimg.com/n7/jfs/t1/101203/6/12956/223941/5e4f4ab5E78235d79/f1b11f35a5d895fb.jpg
荣耀20青春版 AMOLED屏幕指纹 4000mAh大电池 20W快充 4800万 ,999.00,//img13.360buyimg.com/n7/jfs/t1/108772/27/6583/206938/5e4fa7fdEf327de2c/2208a1b67abd4b95.jpg
vivo Z5 骁龙712 4800万超广角AI三摄 4500mAh大电池 4G全网通,1798.00,//img13.360buyimg.com/n7/jfs/t1/101057/5/12929/125510/5e4ffd8eE87da0aad/8ee118dcbe5b2a22.jpg
华为 nova4e ,1299.00,//img12.360buyimg.com/n7/jfs/t1/18765/27/10831/82276/5c8a0e8eE44ae49a7/6ca904b9ccec0f20.jpg
华为（HUAWEI） 畅享8e 青春版全面屏 全网通版 移动联通电信4G,469.00,//img10.360buyimg.com/n7/jfs/t1/61681/24/14683/80451/5dc12ef7E323b368b/04ef3c18bc257b16.jpg
华为nova4e ,1229.00,//img10.360buyimg.com/n7/jfs/t1/85536/4/12247/195808/5e463390E2727e8e6/36a48ef7ffb5cdeb.jpg
荣耀Play3 ,809.00,//img10.360buyimg.com/n7/jfs/t1/104531/36/12759/164554/5e4f4aacE7ebc6be1/c8ffc0b49ef86f84.jpg
【12期免息+碎屏险】OPPO Reno十倍变焦版 高通骁龙855 全面屏拍照游戏智能,3699.00,//img14.360buyimg.com/n7/jfs/t28042/13/1250098004/104485/b2030094/5cda76b2N6fb794aa.jpg
小米 红米8A ,698.00,//img10.360buyimg.com/n7/jfs/t1/94790/19/7927/68724/5e005320E1eeb57cb/888b6cd8f176eb06.jpg
OPPO Reno3 元气版 【12期免息+超值好礼】 5G双模 四摄拍照,2999.00,//img11.360buyimg.com/n7/jfs/t1/96267/24/12237/130064/5e45329dEf978d15c/76058c4b99d8729a.jpg
vivo U3x 3GB+64GB 深湖蓝 5000mAh大电池 18W双引擎闪充 超广角AI三摄 骁龙665处理器 全网通4G,849.00,//img12.360buyimg.com/n7/jfs/t1/106162/18/12662/134661/5e4e4ce9Ef2d5a5c6/2293c655fac4499c.jpg
华为Mate20 Pro ,3499.00,//img12.360buyimg.com/n7/jfs/t1/92486/5/12812/170897/5e4e6493E7626926f/7beb7979675c7155.jpg
【现货速发】华为nova4e 全网通双4G 全面屏智能游戏女性,1218.00,//img11.360buyimg.com/n7/jfs/t1/44748/11/7578/111105/5d539a39E01d6efbd/03a8828d6437c993.jpg
荣耀V30 5G,3299.00,//img14.360buyimg.com/n7/jfs/t1/107481/11/2104/111886/5e0339cdEde1b809c/81a0c8ebe03d61b9.jpg
华为（HUAWEI） 华为Mate20  ,2438.00,//img14.360buyimg.com/n7/jfs/t1/90764/14/12949/207784/5e4f4a8dE3703670e/6d6d3d4ab44d3728.jpg
华为 HUAWEI nova 5i 后置AI四摄 极点全面屏 前置2400万高清摄像头 8GB+128GB 幻夜黑 全网通双卡双待,1999.00,//img14.360buyimg.com/n7/jfs/t1/46872/15/2995/233737/5d0b4d8eE5535bb5b/0784dff7aae31c3b.jpg
华为 (HUAWEI) nova4e 移动4G+全网通 超广角三摄珍珠全面屏 智能,1358.00,//img12.360buyimg.com/n7/jfs/t1/56616/15/4488/87896/5d22f350E5b6b33be/5333429d6cd33131.jpg
华为（HUAWEI）畅享 9e 移动4G版全网通 珍珠全面屏智能老人,725.00,//img13.360buyimg.com/n7/jfs/t1/83700/31/5063/781270/5d340216E9e296e91/d53198d42dded389.png
华为P30 ,3688.00,//img10.360buyimg.com/n7/jfs/t1/110339/6/6560/163999/5e4f4a97Eb2859056/084df854f75e7eb2.jpg
OPPO A11,1499.00,//img12.360buyimg.com/n7/jfs/t1/44122/20/15416/92790/5d8442e3E6ef40dd0/d6ccfa31b64b9fbd.jpg
OPPO A8 ,1199.00,//img12.360buyimg.com/n7/jfs/t1/98062/40/12641/479849/5e4b4865E6700b344/66c0c76353e6d558.png
华为Mate20 ,2399.00,//img12.360buyimg.com/n7/jfs/t1/92880/33/12706/199964/5e4e62b7E20ffafcc/d3be6315c0631821.jpg
酷派（Coolpad）B770移动4G,199.00,//img10.360buyimg.com/n7/jfs/t1/92807/9/4703/214102/5de89a90E1acfd6b7/4145ca755a765573.jpg
华为nova5 ,1899.30,//img13.360buyimg.com/n7/jfs/t1/81071/6/4273/110483/5d28d6bbE6d654a9d/d08cbb0c6a1345d2.jpg
荣耀play3,810.00,//img10.360buyimg.com/n7/jfs/t1/70964/7/9209/121111/5d6fb90cEdb8bfdb6/8c920648a9e05338.jpg
OPPO A11x,1799.00,//img14.360buyimg.com/n7/jfs/t1/110427/8/6700/113501/5e4faf54E53feffe0/e921e3d9e141c9ad.jpg
vivo iQOO Pro 5G,3498.00,//img14.360buyimg.com/n7/jfs/t1/92764/39/12083/415495/5e42ba0aE32c4473e/6923ab0586f4ee6c.jpg
华为nova6se ,2199.00,//img14.360buyimg.com/n7/jfs/t1/89832/29/12614/183836/5e4cd02aEb94d59c4/78637d5a741adc3a.jpg
OPPO A11,1499.00,//img12.360buyimg.com/n7/jfs/t1/89046/17/11876/102333/5e47d3d8Ed95bef1b/e965b6178076b0d3.jpg
华为 HUAWEI nova 5 前置3200万人像超级夜景4800万AI四摄40W超级快充8GB+128GB绮境森林全网通双4G,2099.00,//img14.360buyimg.com/n7/jfs/t1/37152/38/12853/362081/5d0c4104E69eb0d35/29666be466bbb042.jpg
华为（HUAWEI）荣耀畅玩8A 移动联通电信全网通4G 全面屏智能老人老年学生,675.00,//img11.360buyimg.com/n7/jfs/t1/30652/13/3111/107112/5c720612E740dfac3/7beca5458357e7be.jpg
vivo U3x 5000mAh大电量 超广角AI三摄 4G全网通智能,949.00,//img12.360buyimg.com/n7/jfs/t1/87598/30/12853/95207/5e4ffd4bEe7e3c4d9/fcc79753d33abbd7.jpg
华为nova5pro/nova5 Pro,2399.00,//img11.360buyimg.com/n7/jfs/t1/97033/13/9556/110529/5e0fe5b5E6f3c8732/dc84f8f0cd7fe938.jpg
OPPO A8 ,1199.00,//img11.360buyimg.com/n7/jfs/t1/104970/40/12086/97564/5e47cb89Eba9c1a0d/84cb46e1c7eba398.jpg
【直降600】华为nova5 ,1958.00,//img10.360buyimg.com/n7/jfs/t1/44488/27/5385/95181/5d313410Ea480790e/79162b81aaa0f010.jpg
华为畅享9s ,969.00,//img12.360buyimg.com/n7/jfs/t1/94423/9/12066/173467/5e424d89E38c2235e/7016ce64f2ef541d.jpg
华为nova5pro ,2199.00,//img14.360buyimg.com/n7/jfs/t1/108596/11/6520/207665/5e50d04eEa62ce626/224c36a82811ccb8.jpg
6G+128G大内存 指纹一体游戏全网通4G安卓智能,699.00,//img12.360buyimg.com/n7/jfs/t1/66691/11/16118/141924/5dd8f973E712d8101/5ed87cc8f83a48fa.jpg
华为（HUAWEI） 荣耀 畅玩7 全网通 移动联通电信4G 全面屏智能老人老年,425.00,//img11.360buyimg.com/n7/jfs/t1/22906/25/4703/80644/5c34734dE2a184f21/cf96399cc6ecbb81.jpg
小米10 5G ,4459.00,//img11.360buyimg.com/n7/jfs/t1/103737/38/12672/124335/5e4e026cEfd08c8c7/fad67da8404e6b23.jpg
vivo X30 5G,3298.00,//img14.360buyimg.com/n7/jfs/t1/85364/27/12534/117641/5e4bebd8E7620e4d7/388ecebe5740c398.jpg
新款大内存八核小辣椒P60安卓智能,899.00,//img10.360buyimg.com/n7/jfs/t1/66946/4/14666/297316/5dc1483bEb622a11f/6bdfb5228c84d8b3.jpg
荣耀10青春版 ,867.90,//img14.360buyimg.com/n7/jfs/t1/90842/9/12912/129380/5e4f4a90Ec56f6a55/097210a0783c5527.jpg
【已降200】华为nova5 Pro,2399.00,//img12.360buyimg.com/n7/jfs/t1/102387/25/9548/460196/5e0fe335E00e71606/73b023dc4d0d4b2f.png
华为 nova5z ,1499.00,//img14.360buyimg.com/n7/jfs/t1/98384/40/12879/173475/5e4f4ab0E715a6b34/438d6b2cae1223af.jpg
荣耀9X PRO 麒麟810液冷散热 4000mAh超强续航 4800万超广角夜拍三摄 6.59英寸全网通8GB+128GB 幻影紫,1989.00,//img12.360buyimg.com/n7/jfs/t1/88089/14/12863/249279/5e4fa39fEe3a2ac9d/afa25e6df49faeb9.jpg
华为nova5Pro ,2199.00,//img11.360buyimg.com/n7/jfs/t1/104722/17/12637/191602/5e4d2e56E74f05e8f/518d709f6cf62058.jpg
仅1699元!OPPO K5,1699.00,//img11.360buyimg.com/n7/jfs/t1/104139/25/12925/112486/5e507e45E43fd8f5d/4cee04c011456ff8.jpg
华为nova6se ,2199.00,//img14.360buyimg.com/n7/jfs/t1/109723/10/6487/144871/5e4b9cfdE5d30239e/ab2d13e66d42e2fe.jpg
realme 真我X50 5G,2499.00,//img14.360buyimg.com/n7/jfs/t1/96442/20/11899/142357/5e40e655E85d764cc/237865f12923fc36.jpg
黑鲨游戏,2499.00,//img10.360buyimg.com/n7/jfs/t1/32887/24/6418/97818/5c8f87feE6e78036a/2f934b022dea984a.jpg
小米CC9 美图定制版 ,1988.00,//img14.360buyimg.com/n7/jfs/t1/78556/20/15907/296988/5dd8dbf8Ea090d242/69f8f1c6603db12b.png
华为畅享Max 7.12寸大屏,1199.00,//img14.360buyimg.com/n7/jfs/t1/62197/18/14539/118447/5dc11105E82e4cbcd/8b08f36bbdcc6f50.jpg
vivo iQOO Neo 855版 4500mAh大电池 高通骁龙855 全网通4G,2198.00,//img11.360buyimg.com/n7/jfs/t1/93033/26/12766/129989/5e4eaddfE50f1259e/4e91be1e0262c295.jpg
【现货国行-5128元起-可分期】Apple 苹果 iPhone 11 ,5128.00,//img10.360buyimg.com/n7/jfs/t1/97117/14/13020/108536/5e51f784E3b29fbff/afa4287f85abfa5b.jpg
飞利浦 PHILIPS E258S 宝石蓝 直板按键 移动/联通2G 老人,165.00,//img10.360buyimg.com/n7/jfs/t1/98575/16/10651/285632/5e1ead9dEab837e00/0b0779a1629f3a84.jpg
华为畅享Max 7.12寸大屏,1199.00,//img14.360buyimg.com/n7/jfs/t1/62197/18/14539/118447/5dc11105E82e4cbcd/8b08f36bbdcc6f50.jpg
vivo iQOO Neo 855版 4500mAh大电池 高通骁龙855 全网通4G,2198.00,//img11.360buyimg.com/n7/jfs/t1/93033/26/12766/129989/5e4eaddfE50f1259e/4e91be1e0262c295.jpg
【现货国行-5128元起-可分期】Apple 苹果 iPhone 11 ,5128.00,//img10.360buyimg.com/n7/jfs/t1/97117/14/13020/108536/5e51f784E3b29fbff/afa4287f85abfa5b.jpg
小米（MI） 小米8青春版 移动联通电信全网通4G 双卡双待 镜面渐变 全面屏拍照游戏智能,1088.00,//img13.360buyimg.com/n7/jfs/t26011/344/2535984016/150198/1da3ef20/5be7c834N10d4c88f.jpg
OPPO Reno3 元气版 5G,2999.00,//img14.360buyimg.com/n7/jfs/t1/86685/8/12501/721148/5e47d060E4d9c7390/e724830fa1f34f51.png
荣耀 畅玩7 2GB+32GB 黑色 全网通4G,499.00,//img12.360buyimg.com/n7/jfs/t1/79484/29/13847/241443/5db2aa78Eec419888/69520a6d975eea6a.jpg
华为（HUAWEI） 华为畅享9 Plus ,1268.00,//img12.360buyimg.com/n7/jfs/t1/103474/36/12928/151936/5e4f4a84E4e2b06a1/af77f04ba1a10bb7.jpg
誉品（YEPEN） YP958 4G全网通老年,55.00,//img14.360buyimg.com/n7/jfs/t1/93125/22/10903/164769/5e22a556E9eaf41d9/fd063e357275ff56.jpg
ROG游戏,3499.00,//img14.360buyimg.com/n7/jfs/t1/105994/18/10686/165962/5e21e4c2E529fbe5c/d50ae16246c2c9cf.jpg
vivo X30 5G 秘银 8GB+128GB 双模5G 20倍变焦 50mm专业人像镜头 全网通智慧旗舰新品,3298.00,//img13.360buyimg.com/n7/jfs/t1/92374/9/12845/190571/5e4fc33aEcb52b23a/9382a7ec4dea5be4.jpg
小辣椒 R17 全面屏迷你智能,599.00,//img13.360buyimg.com/n7/jfs/t1/47919/26/3119/252072/5d0f0d89Ea3219d71/169903fc951e14e1.jpg
联想Z6 6GB+64GB 蓝色 骁龙730 AIE处理器 4000mAh续航  屏幕光电指纹 后置三摄 全网通4G 双卡双待,1098.00,//img13.360buyimg.com/n7/jfs/t1/62437/25/13486/102685/5dae7788E31b4bd19/02e73ca13b66bd9b.jpg
Apple 苹果 iPhone 11 ,5699.00,//img14.360buyimg.com/n7/jfs/t1/93232/25/11720/165482/5e39220dE466c4184/efcf5bcb21d69c4c.jpg
OPPO Reno3 Pro 双模5G 视频双防抖 90HZ高感曲面屏 7.7mm轻薄机身 8GB+128GB 雾月白全网通拍照游戏视频,3999.00,//img13.360buyimg.com/n7/jfs/t1/97617/34/8534/71921/5e05d162E80435142/68bd75c150f486f4.jpg
vivo U3 5000mAh大电池 骁龙675处理器 智能,1099.00,//img14.360buyimg.com/n7/jfs/t1/110079/10/6558/99217/5e4f3cf5Eb414c861/f707eb04f5a54641.jpg
华为nova5 Pro NFC,2199.00,//img12.360buyimg.com/n7/jfs/t1/92666/17/12828/117914/5e4e54acE7e874cce/6a8dfa9d0097cd5a.jpg
【新春套装】vivo U3x 5000mAh大电量 超广角AI三摄 4G全网通智能,899.00,//img10.360buyimg.com/n7/jfs/t1/56601/24/12675/61519/5d9c3b35Eb53f0d17/a3d95c2a37ff7a86.jpg
华为nova5ipro /nova5i pro,1898.00,//img12.360buyimg.com/n7/jfs/t1/81053/23/5720/162327/5d3e4c2bE77e00ce7/aa7d662155491d6f.jpg
【已降200】华为nova5 Pro,2389.00,//img14.360buyimg.com/n7/jfs/t1/59269/19/12380/87230/5d96eff3E8c70baa8/b98f91b7bc8836d7.jpg
OPPO A8 4GB+128GB 秘夜黑 6.5英寸水滴屏 4230mAh大电池 后置AI三摄 全网通4G 全面屏拍照游戏智能,1199.00,//img11.360buyimg.com/n7/jfs/t1/96862/37/7119/165502/5df8c34fEf13b16f8/1dab894c917b87b1.jpg
Apple 苹果 iPhone 11 ,5688.00,//img13.360buyimg.com/n7/jfs/t1/87603/7/12283/97201/5e4f4ab3Ee7db9b1c/2d032fd387ab40c2.jpg
现货速发 苹果 ,5699.00,//img13.360buyimg.com/n7/jfs/t1/99235/21/3277/85663/5dde8867E9bba17bd/95aaaf358074dfb2.jpg
三星 Galaxy S10 骁龙855 4G,4299.00,//img12.360buyimg.com/n7/jfs/t1/40269/5/14761/192059/5d5b615fE08973f49/d9418330ab754826.jpg
【现货速发/12期免息/立减200元】华为nova6 （5G/4G）,3799.00,//img12.360buyimg.com/n7/jfs/t1/84751/25/12040/184656/5e411ef3E05bb3b63/aa29423946b65057.jpg
OPPO A8【新品赠好礼】6.5英寸护眼水滴屏AI三摄大内存拍照智能游戏,1199.00,//img13.360buyimg.com/n7/jfs/t1/103071/34/11367/364095/5e342f17E31d3d96c/de249a421d536f5d.png
华为荣耀20i ,989.00,//img13.360buyimg.com/n7/jfs/t1/106210/37/13144/214543/5e51eb6eE64917609/9343c134974a622d.jpg
小米CC9 ,1989.00,//img13.360buyimg.com/n7/jfs/t1/98153/31/11987/80264/5e426585E47f5aa2d/a256cd35d71bd4b3.jpg
华为 nova6 ,3799.00,//img14.360buyimg.com/n7/jfs/t1/88948/38/12817/169981/5e4f4abdEe235fc74/612cfdcd2eb6ac3a.jpg
HUAWEI 华为畅享9S,999.00,//img11.360buyimg.com/n7/jfs/t1/32701/21/7655/199017/5c98a0f8E452d9bd7/3b51ac5734361453.jpg
